Handle,Title,Option1 Name,Option1 Value,Option2 Name,Option2 Value,Variant SKU
template-contrast-pullover-hoodie,,,xs,,black-sapphire-blue,JH003JBSAXS
template-contrast-pullover-hoodie,,,xs,,black-red,JH003JBFRXS
template-contrast-pullover-hoodie,,,xs,,black-purple,JH003JBPUXS
template-contrast-pullover-hoodie,,,xs,,black-hot-pink,JH003JBHPXS
template-contrast-pullover-hoodie,TEMPLATE | Contrast Pullover Hoodie,Size,xs,Colour,black-green,JH003JBKGXS
template-contrast-pullover-hoodie,,,xs,,black-gold,JH003JBGOXS
template-contrast-pullover-hoodie,,,xs,,black-charcoal,JH003CHJBXS
template-premium-joggers,,,navy,,xxs,SX773FNAV2XS
template-premium-joggers,,,latte,,xxs,SX773LATT2XS
template-premium-joggers,,,khaki,,xxs,SX773KHAK2XS
template-premium-joggers,,,heather-grey,,xxs,SX773HGRE2XS
template-premium-joggers,,,cool-heather,,xxs,SX773CHGY2XS
template-premium-joggers,TEMPLATE | Premium Joggers,Color,black,Size,xxs,SX773BLAC2XS
template-premium-joggers,,,stargazer,,xxs,SX773SGAZ2XS
template-premium-joggers,,,natural,,xxs,SX773NRAW2XS
template-womens-premium-t-shirt,,,white-1,,xs-8,BB012WHITXS
template-womens-premium-t-shirt,,,teal,,xs-8,BB012TEALXS
template-womens-premium-t-shirt,,,sand,,xs-8,BB012SANDXS
template-womens-premium-t-shirt,,,pink,,xs-8,BB012PINKXS
template-womens-premium-t-shirt,,,olive,,xs-8,BB012OLIVXS
template-womens-premium-t-shirt,,,ocean-blue,,xs-8,BB012OCBLXS
template-womens-premium-t-shirt,,,navy,,xs-8,BB012NAVYXS
template-womens-premium-t-shirt,,,lilac,,xs-8,BB012LILAXS
template-womens-premium-t-shirt,,,heather-grey,,xs-8,BB012HGREXS
template-womens-premium-t-shirt,,,charcoal,,xs-8,BB012CHARXS
template-womens-premium-t-shirt,TEMPLATE | Women's Premium T-Shirt,Colour,black,Size,xs-8,BB012BLACXS
template-kids-t-shirt,,,white-1,,xs-3-4,GD01BWHITXS
template-kids-t-shirt,,,purple,,xs-3-4,GD01BPURPXS
template-kids-t-shirt,,,navy,,xs-3-4,GD01BNAVYXS
template-kids-t-shirt,,,light-pink,,xs-3-4,GD01BLPINXS
template-kids-t-shirt,,,light-blue,,xs-3-4,GD01BLBLUXS
template-kids-t-shirt,,,khaki,,xs-3-4,
template-kids-t-shirt,,,hot-pink,,xs-3-4,
template-kids-t-shirt,,,charcoal,,xs-3-4,GD01BCHARXS
template-kids-t-shirt,TEMPLATE | Kids T-Shirt,Colour,black,Size,xs-3-4,GD01BBLACXS
template-tie-dye-hoodie,,,tie-dye-swirl,,xs,'-JH022
template-tie-dye-hoodie,,,pastel-sunset-dip,,xs,'-JH022
template-tie-dye-hoodie,,,grey-pink-marble,,xs,'-JH022
template-tie-dye-hoodie,TEMPLATE | Tie-Dye Hoodie,Colour,blue-cloud,Size,xs,'-JH022
template-signature-hoodie,,,natural-raw,,xs,'-AM01
template-signature-hoodie,,,light-pink,,xs,'-AM01
template-signature-hoodie,,,light-blue,,xs,'-AM01
template-signature-hoodie,,,deep-navy,,xs,'-AM01
template-signature-hoodie,TEMPLATE | Signature Hoodie,Colour,black,Size,xs,'-AM01
template-signature-hoodie,,,arctic-white,,xs,'-AM01
template-premium-t-shirt,,,white,,xs,BB010WHITXS
template-organic-tee,TEMPLATE | Organic Tee,Size,xs,Colour,Black,AM010NVMAXL
template-organic-tee,,,xs,,Black Marl,AM010BKMAXS
template-premium-t-shirt,,,light-blue,,xs,BB010OCBLXS
template-premium-t-shirt,,,khaki,,xs,BB010OLIVXS
template-organic-tee,,,xs,,Desert Sand,AM010DSANXS
template-premium-t-shirt,,,deep-navy,,xs,BB010NAVYXS
template-premium-t-shirt,,,charcoal,,xs,BB010CHARXS
template-premium-t-shirt,TEMPLATE | Premium T-Shirt,Colour,black,Size,xs,BB010BLACXS
template-premium-hoodie,,,charcoal,,xs,JH001STGYXS
template-premium-hoodie,,,light-blue,,xs,JH001SKYYXS
template-premium-hoodie,,,purple,,xs,JH001PURPXS
template-premium-hoodie,,,deep-navy,,xs,JH001NFNAXS
template-premium-hoodie,,,hot-pink,,xs,JH001HOPKXS
template-premium-hoodie,TEMPLATE | Premium Hoodie,Colour,black,Size,xs,JH001DPBKXS
template-premium-hoodie,,,arctic-white,,xs,JH001AWHIXS
template-premium-hoodie,,,arctic-white,,xs,JH001AWHIXS
template-premium-hoodie,,,light-pink,,xs,JH001ATBLXS
template-oversized-acid-wash-tee,,,vintage-blue,,xs,BY189ASPHXS
template-oversized-acid-wash-tee,TEMPLATE | Oversized Acid Wash Tee,Colour,union-beige,Size,xs,BY189UNBEXS
template-oversized-acid-wash-tee,,,soft-pink,,xs,
template-oversized-acid-wash-tee,,,soft-lilac,,xs,BY189SOLIXS
template-oversized-acid-wash-tee,,,dark-khaki,,xs,BY189DKHAXS
template-oversized-acid-wash-tee,,,black,,xs,BY189BLACXS
template-oversized-acid-wash-tee,,,baltic-blue,,xs,
template-organic-long-sleeve-t-shirt,TEMPLATE | Organic Long Sleeve T-Shirt,Colour,black,Size,xs,AM011BLACXS
template-organic-long-sleeve-t-shirt,,,White,,xs,'-AM011
template-organic-long-sleeve-t-shirt,,,Navy,,xs,'-AM011
template-organic-long-sleeve-t-shirt,,,Grey Marl,,xs,'-AM011
template-organic-long-sleeve-t-shirt,,,charcoal,,xs,'-AM011
template-heavy-hoodie,,,fire-red,,xs,JH120SORDXS
template-heavy-hoodie,,,solid-charcoal,,xs,JH120SOCHXS
template-heavy-hoodie,,,natural-stone,,xs,JH120NSTOXS
template-heavy-hoodie,,,new-french-navy,,xs,JH120NFNAXS
template-heavy-hoodie,,,earthy-green,,xs,JH120EAGNXS
template-heavy-hoodie,,,desert-sand,,xs,JH120DSANXS
template-heavy-hoodie,TEMPLATE | Heavy Hoodie,Colour,black,Size,xs,JH120DPBKXS
template-heavy-hoodie,,,royal-blue,,xs,JH120BROYXS
template-heavy-hoodie,,,baby-pink,,xs,JH120BAPKXS
template-heavy-hoodie,,,arctic-white,,xs,JH120AWHIXS
template-heavy-hoodie,,,airforce-blue,,xs,JH120ABLUXS
template-clam-slam-premium-hoodie,,,light-blue,,xs,JH001SKYYXS
template-clam-slam-premium-hoodie,,,purple,,xs,JH001PURPXS
template-clam-slam-premium-hoodie,,,deep-navy,,xs,JH001NFNAXS
template-clam-slam-premium-hoodie,,,khaki,,xs,JH001KHAKXS
template-clam-slam-premium-hoodie,,,hot-pink,,xs,JH001HOPKXS
template-clam-slam-premium-hoodie,True Chaos | CLAM SLAM | Premium Hoodie,Colour,black,Size,xs,JH001DPBKXS
template-clam-slam-premium-hoodie,,,light-pink,,xs,JH001BAPKXS
template-cargo-joggers,TEMPLATE | Cargo Joggers,Colour,black,Size,xs,TR604BLACXS
template-cargo-joggers,,,stone,,xs,'-TR604
template-cargo-joggers,,,lilac,,xs,'-TR604
template-cargo-joggers,,,light-blue,,xs,'-TR604
template-cargo-joggers,,,heather-grey,,xs,'-TR604
template-cargo-joggers,,,charcoal,,xs,'-TR604
template-acid-wash-tee,,,vintage-blue,,xs,'-BY190
template-acid-wash-tee,,,union-beige,,xs,'-BY190
template-acid-wash-tee,,,soft-pink,,xs,'-BY190
template-acid-wash-tee,,,soft-lilac,,xs,'-BY190
template-acid-wash-tee,,,dark-khaki,,xs,'-BY190
template-acid-wash-tee,TEMPLATE | Acid Wash Tee,Colour,black,Size,xs,'-BY190
template-acid-wash-tee,,,asphalt,,xs,'-BY190
template-womens-premium-t-shirt,,,white-1,,xl-16,'-BB012
template-womens-premium-t-shirt,,,teal,,xl-16,'-BB012
template-womens-premium-t-shirt,,,sand,,xl-16,BB012SANDXL
template-womens-premium-t-shirt,,,pink,,xl-16,'-BB012
template-womens-premium-t-shirt,,,olive,,xl-16,'-BB012
template-womens-premium-t-shirt,,,ocean-blue,,xl-16,'-BB012
template-womens-premium-t-shirt,,,navy,,xl-16,'-BB012
template-womens-premium-t-shirt,,,lilac,,xl-16,'-BB012
template-womens-premium-t-shirt,,,heather-grey,,xl-16,'-BB012
template-womens-premium-t-shirt,,,charcoal,,xl-16,'-BB012
template-womens-premium-t-shirt,,,black,,xl-16,BB012BLACXL
template-kids-t-shirt,,,white-1,,xl-12-13,'-GD01B
template-kids-t-shirt,,,purple,,xl-12-13,'-GD01B
template-kids-t-shirt,,,navy,,xl-12-13,'-GD01B
template-kids-t-shirt,,,light-blue,,xl-12-13,'-GD01B
template-kids-t-shirt,,,khaki,,xl-12-13,'-GD01B
template-kids-t-shirt,,,hot-pink,,xl-12-13,'-GD01B
template-kids-t-shirt,,,charcoal,,xl-12-13,'-GD01B
template-kids-t-shirt,,,black,,xl-12-13,'-GD01B
template-tie-dye-hoodie,,,tie-dye-swirl,,xl,'-JH022
template-tie-dye-hoodie,,,pastel-sunset-dip,,xl,'-JH022
template-tie-dye-hoodie,,,grey-pink-marble,,xl,'-JH022
template-tie-dye-hoodie,,,blue-cloud,,xl,'-JH022
template-signature-hoodie,,,light-pink,,xl,'-AM01
template-signature-hoodie,,,light-blue,,xl,'-AM01
template-signature-hoodie,,,black,,xl,'-AM01
template-signature-hoodie,,,arctic-white,,xl,'-AM01
template-signature-hoodie,,,natural-raw,,xl,
template-signature-hoodie,,,deep-navy,,xl,
template-signature-heavy-joggers,,,heather-grey,,xl,'-BY014
template-signature-heavy-joggers,,,black,,xl,'-BY014
template-premium-t-shirt,,,white,,xl,BB010WHITXL
template-organic-tee,,,xs,,Khaki,AM010KHAKXS
template-organic-tee,,,xs,,Navy Marl,AM010NVMA4XL
template-premium-t-shirt,,,light-blue,,xl,BB010OCBLXL
template-premium-t-shirt,,,khaki,,xl,BB010OLIVXL
template-organic-tee,,,xs,,White,AM010WHITXS
template-premium-t-shirt,,,deep-navy,,xl,BB010NAVYXL
template-premium-t-shirt,,,charcoal,,xl,BB010CHARXL
template-premium-t-shirt,,,black,,xl,BB010BLACXL
template-premium-joggers,,,navy,,xl,SX773FNAVXL
template-premium-joggers,,,latte,,xl,SX773LATTXL
template-premium-joggers,,,khaki,,xl,SX773KHAKXL
template-premium-joggers,,,heather-grey,,xl,SX773HGREXL
template-premium-joggers,,,cool-heather,,xl,SX773CHGYXL
template-premium-joggers,,,black,,xl,SX773BLACXL
template-premium-joggers,,,stargazer,,xl,
template-premium-joggers,,,natural,,xl,
template-premium-hoodie,,,charcoal,,xl,JH001STGYXL
template-premium-hoodie,,,light-blue,,xl,JH001SKYYXL
template-premium-hoodie,,,purple,,xl,JH001PURPXL
template-premium-hoodie,,,deep-navy,,xl,JH001NFNAXL
template-premium-hoodie,,,hot-pink,,xl,JH001HOPKXL
template-premium-hoodie,,,black,,xl,JH001DPBKXL
template-premium-hoodie,,,arctic-white,,xl,JH001AWHIXL
template-premium-hoodie,,,light-pink,,xl,JH001ATBLXL
template-oversized-acid-wash-tee,,,vintage-blue,,xl,BY189VBLUXL
template-oversized-acid-wash-tee,,,union-beige,,xl,BY189UNBEXL
template-oversized-acid-wash-tee,,,soft-pink,,xl,
template-oversized-acid-wash-tee,,,soft-lilac,,xl,BY189SOLIXL
template-oversized-acid-wash-tee,,,dark-khaki,,xl,BY189DKHAXL
template-oversized-acid-wash-tee,,,black,,xl,BY189BLACXL
template-oversized-acid-wash-tee,,,baltic-blue,,xl,
template-organic-long-sleeve-t-shirt,,,black,,xl,AM011BLACXL
template-organic-long-sleeve-t-shirt,,,White,,xl,'-AM011
template-organic-long-sleeve-t-shirt,,,Navy,,xl,'-AM011
template-organic-long-sleeve-t-shirt,,,Grey Marl,,xl,'-AM011
template-organic-long-sleeve-t-shirt,,,charcoal,,xl,'-AM011
template-jogger-shorts,,,heather-grey,,xl,'-TR058
template-jogger-shorts,,,black,,xl,'-TR058
template-heavy-hoodie,,,fire-red,,xl,JH120SORDXL
template-heavy-hoodie,,,solid-charcoal,,xl,JH120SOCHXL
template-heavy-hoodie,,,natural-stone,,xl,JH120NSTOXL
template-heavy-hoodie,,,new-french-navy,,xl,JH120NFNAXL
template-heavy-hoodie,,,earthy-green,,xl,JH120EAGNXL
template-heavy-hoodie,,,desert-sand,,xl,JH120DSANXL
template-heavy-hoodie,,,black,,xl,JH120DPBKXL
template-heavy-hoodie,,,royal-blue,,xl,JH120BROYXL
template-heavy-hoodie,,,baby-pink,,xl,JH120BAPKXL
template-heavy-hoodie,,,arctic-white,,xl,JH120AWHIXL
template-heavy-hoodie,,,airforce-blue,,xl,JH120ABLUXL
template-clam-slam-premium-hoodie,,,light-blue,,xl,JH001SKYYXL
template-clam-slam-premium-hoodie,,,purple,,xl,JH001PURPXL
template-clam-slam-premium-hoodie,,,deep-navy,,xl,JH001NFNAXL
template-clam-slam-premium-hoodie,,,khaki,,xl,JH001KHAKXL
template-clam-slam-premium-hoodie,,,hot-pink,,xl,JH001HOPKXL
template-clam-slam-premium-hoodie,,,black,,xl,JH001DPBKXL
template-clam-slam-premium-hoodie,,,light-pink,,xl,JH001BAPKXL
template-clam-slam-premium-hoodie,,,arctic-white,,xl,JH001AWHIXL
template-cargo-joggers,,,black,,xl,TR604BLACXL
template-cargo-joggers,,,stone,,xl,'-TR604
template-cargo-joggers,,,lilac,,xl,'-TR604
template-cargo-joggers,,,light-blue,,xl,'-TR604
template-cargo-joggers,,,heather-grey,,xl,'-TR604
template-cargo-joggers,,,charcoal,,xl,'-TR604
template-acid-wash-tee,,,vintage-blue,,xl,'-BY190
template-acid-wash-tee,,,union-beige,,xl,'-BY190
template-acid-wash-tee,,,soft-pink,,xl,'-BY190
template-acid-wash-tee,,,soft-lilac,,xl,'-BY190
template-acid-wash-tee,,,dark-khaki,,xl,'-BY190
template-acid-wash-tee,,,black,,xl,'-BY190
template-acid-wash-tee,,,asphalt,,xl,'-BY190
template-raglan-pullover-hood,,,xs,,white-black,'-BB005
template-raglan-pullover-hood,,,xl,,white-black,'-BB005
template-raglan-pullover-hood,,,s,,white-black,'-BB005
template-raglan-pullover-hood,,,m,,white-black,'-BB005
template-raglan-pullover-hood,,,l,,white-black,'-BB005
template-raglan-pullover-hood,,,3xl,,white-black,'-BB005
template-raglan-pullover-hood,,,2xl,,white-black,'-BB005
template-womens-full-zip-hoodie,,,xs-8,,white,'-AM004
template-womens-full-zip-hoodie,,,xl-16,,white,'-AM004
template-womens-full-zip-hoodie,,,s-10,,white,'-AM004
template-womens-full-zip-hoodie,,,m-12,,white,'-AM004
template-womens-full-zip-hoodie,,,l-14,,white,'-AM004
template-womens-full-zip-hoodie,,,2-xl-18,,white,'-AM004
template-premium-sweatshirt,,,xl,,white,'-JH030
template-premium-sweatshirt,,,s,,white,'-JH030
template-premium-sweatshirt,,,m,,white,'-JH030
template-premium-sweatshirt,,,l,,white,'-JH030
template-premium-sweatshirt,,,3xl,,white,'-JH030
template-premium-sweatshirt,,,2xl,,white,'-JH030
template-kids-cotton-vest,,,xl-12-13,,white,'-SM123
template-kids-cotton-vest,,,s-5-6,,white,'-SM123
template-kids-cotton-vest,,,m-7-8,,white,'-SM123
template-kids-cotton-vest,,,l-9-11,,white,'-SM123
template-cotton-sports-vest,,,xl,,white,'-BB011
template-cotton-sports-vest,,,s,,white,'-BB011
template-cotton-sports-vest,,,m,,white,'-BB011
template-cotton-sports-vest,,,l,,white,'-BB011
template-cotton-sports-vest,,,3xl,,white,'-BB011
template-cotton-sports-vest,,,2xl,,white,'-BB011
template-womens-v-neck-t-shirt,,,xl-14,,white,GD078WHITXL
template-womens-v-neck-t-shirt,,,s-6-8,,white,GD078WHITS
template-womens-v-neck-t-shirt,,,m-8-10,,white,GD078WHITM
template-womens-v-neck-t-shirt,,,l-12,,white,GD078WHITL
template-womens-v-neck-t-shirt,,,2-xl-16,,white,GD078WHIT2XL
template-womens-hoodie,,,xs-8,,White,'-AM003
template-womens-hoodie,,,xl-16,,White,'-AM003
template-womens-hoodie,,,s-10,,White,'-AM003
template-womens-hoodie,,,m-12,,White,'-AM003
template-womens-hoodie,,,l-14,,White,'-AM003
template-womens-hoodie,,,2-xl-18,,White,'-AM003
template-vintage-organic-tee,,,5xl,,White,'-AM058
template-vintage-organic-tee,,,4xl,,White,'-AM053
template-vintage-organic-tee,,,3xl,,White,'-AM048
template-vintage-organic-tee,,,2xl,,White,'-AM043
template-vintage-organic-tee,,,xl,,White,'-AM038
template-vintage-organic-tee,,,l,,White,'-AM033
template-vintage-organic-tee,,,m,,White,'-AM028
template-vintage-organic-tee,,,s,,White,'-AM023
template-vintage-organic-tee,,,xs,,White,'-AM018
template-vintage-organic-tee,,,2xs,,White,'-AM013
template-organic-tee,,,xl,,Black Marl,AM010BKMAXL
template-organic-tee,,,xl,,Desert Sand,AM010DSANXL
template-organic-tee,,,xl,,Khaki,AM010KHAKXL
template-organic-tee,,,xl,,White,AM010WHITXL
template-organic-tee,,,s,,Black Marl,AM010BKMAS
template-organic-tee,,,s,,Desert Sand,AM010DSANS
template-organic-tee,,,s,,Grey Marl,AM010GMARS
template-organic-tee,,,s,,Hot Pink,AM010HOPKS
template-organic-tee,,,s,,Khaki,AM010KHAKS
template-organic-tee,,,s,,White,AM010WHITS
template-baby-body-shuit,,,6-12-months-1,,White,'-LW55T
template-baby-body-shuit,,,3-6-months,,White,'-LW55T
template-baby-body-shuit,,,12-18-months,,White,'-LW55T
template-baby-body-shuit,,,0-3-months,,White,'-LW55T
template-acid-wash-oversize-hoodie,,,xs,,union-beige,'-BY191
template-acid-wash-oversize-hoodie,,,xl,,union-beige,'-BY191
template-acid-wash-oversize-hoodie,,,s,,union-beige,'-BY191
template-acid-wash-oversize-hoodie,,,m,,union-beige,'-BY191
template-acid-wash-oversize-hoodie,,,l,,union-beige,'-BY191
template-acid-wash-oversize-hoodie,,,5xl,,union-beige,'-BY191
template-acid-wash-oversize-hoodie,,,4xl,,union-beige,'-BY191
template-acid-wash-oversize-hoodie,,,3xl,,union-beige,'-BY191
template-acid-wash-oversize-hoodie,,,2xl,,union-beige,'-BY191
template-cotton-sports-vest,,,xl,,taxi-yellow,'-BB011
template-cotton-sports-vest,,,s,,taxi-yellow,'-BB011
template-cotton-sports-vest,,,m,,taxi-yellow,'-BB011
template-cotton-sports-vest,,,l,,taxi-yellow,'-BB011
template-cotton-sports-vest,,,3xl,,taxi-yellow,'-BB011
template-cotton-sports-vest,,,2xl,,taxi-yellow,'-BB011
template-baby-zip-thru-hoodie,,,6-12-months-1,,serene-blue,'-SX229
template-baby-zip-thru-hoodie,,,24-36-months-1,,serene-blue,'-SX229
template-baby-zip-thru-hoodie,,,18-24-months,,serene-blue,'-SX229
template-baby-zip-thru-hoodie,,,12-18-months,,serene-blue,'-SX229
template-cotton-sports-vest,,,xl,,sand,'-BB011
template-cotton-sports-vest,,,s,,sand,'-BB011
template-cotton-sports-vest,,,m,,sand,'-BB011
template-cotton-sports-vest,,,l,,sand,'-BB011
template-cotton-sports-vest,,,3xl,,sand,'-BB011
template-cotton-sports-vest,,,2xl,,sand,'-BB011
template-organic-bucket-hat,,,sky-blue,,S-M,'-BC90N
template-organic-bucket-hat,,,sand,,S-M,'-BC90N
template-organic-bucket-hat,,,navy,,S-M,'-BC90N
template-organic-bucket-hat,,,gray-1,,S-M,'-BC90N
template-organic-bucket-hat,TEMPLATE | Organic Bucket Hat,Color,black,Size,S-M,'-BC90N
template-kids-t-shirt,,,white-1,,s-5-6,'-GD01B
template-kids-t-shirt,,,purple,,s-5-6,'-GD01B
template-kids-t-shirt,,,navy,,s-5-6,'-GD01B
template-kids-t-shirt,,,light-pink,,s-5-6,'-GD01B
template-kids-t-shirt,,,light-blue,,s-5-6,'-GD01B
template-kids-t-shirt,,,khaki,,s-5-6,'-GD01B
template-kids-t-shirt,,,hot-pink,,s-5-6,'-GD01B
template-kids-t-shirt,,,charcoal,,s-5-6,'-GD01B
template-kids-t-shirt,,,black,,s-5-6,'-GD01B
template-womens-premium-t-shirt,,,white-1,,s-10,'-BB012
template-womens-premium-t-shirt,,,teal,,s-10,'-BB012
template-womens-premium-t-shirt,,,sand,,s-10,BB012SANDS
template-womens-premium-t-shirt,,,pink,,s-10,'-BB012
template-womens-premium-t-shirt,,,olive,,s-10,'-BB012
template-womens-premium-t-shirt,,,ocean-blue,,s-10,'-BB012
template-womens-premium-t-shirt,,,navy,,s-10,'-BB012
template-womens-premium-t-shirt,,,lilac,,s-10,'-BB012
template-womens-premium-t-shirt,,,heather-grey,,s-10,'-BB012
template-womens-premium-t-shirt,,,charcoal,,s-10,'-BB012
template-womens-premium-t-shirt,,,black,,s-10,BB012BLACS
template-tie-dye-hoodie,,,tie-dye-swirl,,s,'-JH022
template-tie-dye-hoodie,,,pastel-sunset-dip,,s,'-JH022
template-tie-dye-hoodie,,,grey-pink-marble,,s,'-JH022
template-tie-dye-hoodie,,,blue-cloud,,s,'-JH022
template-signature-hoodie,,,light-pink,,s,'-AM01
template-signature-hoodie,,,light-blue,,s,'-AM01
template-signature-hoodie,,,black,,s,'-AM01
template-signature-hoodie,,,arctic-white,,s,'-AM01
template-signature-hoodie,,,natural-raw,,s,
template-signature-hoodie,,,deep-navy,,s,
template-signature-heavy-joggers,TEMPLATE | Heavy Joggers,Colour,heather-grey,Size,s,'-BY014
template-signature-heavy-joggers,,,black,,s,'-BY014
template-premium-t-shirt,,,white,,s,BB010WHITS
template-premium-t-shirt,,,purple,,2xl,AM010PURP2XL
template-premium-t-shirt,,,purple,,3xl,AM010PURP3XL
template-premium-t-shirt,,,light-blue,,s,BB010OCBLS
template-premium-t-shirt,,,khaki,,s,BB010OLIVS
template-premium-t-shirt,,,purple,,4xl,AM010PURP4XL
template-premium-t-shirt,,,deep-navy,,s,BB010NAVYS
template-premium-t-shirt,,,charcoal,,s,BB010CHARS
template-premium-t-shirt,,,black,,s,BB010BLACS
template-premium-joggers,,,navy,,s,SX773FNAVS
template-premium-joggers,,,latte,,s,SX773LATTS
template-premium-joggers,,,khaki,,s,SX773KHAKS
template-premium-joggers,,,heather-grey,,s,SX773HGRES
template-premium-joggers,,,cool-heather,,s,SX773CHGYS
template-premium-joggers,,,black,,s,SX773BLACS
template-premium-joggers,,,stargazer,,s,
template-premium-joggers,,,natural,,s,
template-premium-hoodie,,,charcoal,,s,JH001STGYS
template-premium-hoodie,,,light-blue,,s,JH001SKYYS
template-premium-hoodie,,,purple,,s,JH001PURPS
template-premium-hoodie,,,deep-navy,,s,JH001NFNAS
template-premium-hoodie,,,hot-pink,,s,JH001HOPKS
template-premium-hoodie,,,black,,s,JH001DPBKS
template-premium-hoodie,,,light-pink,,s,JH001AWHIS
template-premium-hoodie,,,arctic-white,,s,JH001AWHIS
template-oversized-acid-wash-tee,,,vintage-blue,,s,BY189VBLUS
template-oversized-acid-wash-tee,,,union-beige,,s,BY189UNBES
template-oversized-acid-wash-tee,,,soft-pink,,s,
template-oversized-acid-wash-tee,,,soft-lilac,,s,BY189SOLIS
template-oversized-acid-wash-tee,,,dark-khaki,,s,BY189DKHAS
template-oversized-acid-wash-tee,,,black,,s,BY189BLACS
template-oversized-acid-wash-tee,,,baltic-blue,,s,
template-organic-long-sleeve-t-shirt,,,black,,s,AM011BLACS
template-organic-long-sleeve-t-shirt,,,White,,s,'-AM011
template-organic-long-sleeve-t-shirt,,,Navy,,s,'-AM011
template-organic-long-sleeve-t-shirt,,,Grey Marl,,s,'-AM011
template-organic-long-sleeve-t-shirt,,,charcoal,,s,'-AM011
template-jogger-shorts,,,heather-grey,,s,'-TR058
template-jogger-shorts,TEMPLATE | Jogger Shorts,Colour,black,Size,s,'-TR058
template-heavy-hoodie,,,fire-red,,s,JH120SORDS
template-heavy-hoodie,,,solid-charcoal,,s,JH120SOCHS
template-heavy-hoodie,,,natural-stone,,s,JH120NSTOS
template-heavy-hoodie,,,new-french-navy,,s,JH120NFNAS
template-heavy-hoodie,,,earthy-green,,s,JH120EAGNS
template-heavy-hoodie,,,desert-sand,,s,JH120DSANS
template-heavy-hoodie,,,black,,s,JH120DPBKS
template-heavy-hoodie,,,royal-blue,,s,JH120BROYS
template-heavy-hoodie,,,baby-pink,,s,JH120BAPKS
template-heavy-hoodie,,,arctic-white,,s,JH120AWHIS
template-heavy-hoodie,,,airforce-blue,,s,JH120ABLUS
template-clam-slam-premium-hoodie,,,light-blue,,s,JH001SKYYS
template-clam-slam-premium-hoodie,,,purple,,s,JH001PURPS
template-clam-slam-premium-hoodie,,,deep-navy,,s,JH001NFNAS
template-clam-slam-premium-hoodie,,,khaki,,s,JH001KHAKS
template-clam-slam-premium-hoodie,,,hot-pink,,s,JH001HOPKS
template-clam-slam-premium-hoodie,,,black,,s,JH001DPBKS
template-clam-slam-premium-hoodie,,,light-pink,,s,JH001BAPKS
template-clam-slam-premium-hoodie,,,arctic-white,,s,JH001AWHIS
template-cargo-joggers,,,black,,s,TR604BLACS
template-cargo-joggers,,,stone,,s,'-TR604
template-cargo-joggers,,,lilac,,s,'-TR604
template-cargo-joggers,,,light-blue,,s,'-TR604
template-cargo-joggers,,,heather-grey,,s,'-TR604
template-cargo-joggers,,,charcoal,,s,'-TR604
template-acid-wash-tee,,,vintage-blue,,s,'-BY190
template-acid-wash-tee,,,union-beige,,s,'-BY190
template-acid-wash-tee,,,soft-pink,,s,'-BY190
template-acid-wash-tee,,,soft-lilac,,s,'-BY190
template-acid-wash-tee,,,dark-khaki,,s,'-BY190
template-acid-wash-tee,,,black,,s,'-BY190
template-acid-wash-tee,,,asphalt,,s,'-BY190
template-baby-body-shuit,,,6-12-months-1,,Royal Blue,'-LW55T
template-baby-body-shuit,,,3-6-months,,Royal Blue,'-LW55T
template-baby-body-shuit,,,12-18-months,,Royal Blue,'-LW55T
template-baby-body-shuit,,,0-3-months,,Royal Blue,'-LW55T
template-baby-body-shuit,,,6-12-months-1,,Red,'-LW55T
template-baby-body-shuit,,,3-6-months,,Red,'-LW55T
template-baby-body-shuit,,,12-18-months,,Red,'-LW55T
template-baby-body-shuit,,,0-3-months,,Red,'-LW55T
template-premium-sweatshirt,,,xl,,purple,'-JH030
template-premium-sweatshirt,,,s,,purple,'-JH030
template-premium-sweatshirt,,,m,,purple,'-JH030
template-premium-sweatshirt,,,l,,purple,'-JH030
template-premium-sweatshirt,,,3xl,,purple,'-JH030
template-premium-sweatshirt,,,2xl,,purple,'-JH030
template-womens-hoodie,,,xs-8,,Pink,'-AM003
template-womens-hoodie,,,xl-16,,Pink,'-AM003
template-womens-hoodie,,,s-10,,Pink,'-AM003
template-womens-hoodie,,,m-12,,Pink,'-AM003
template-womens-hoodie,,,l-14,,Pink,'-AM003
template-womens-hoodie,,,2-xl-18,,Pink,'-AM003
template-womens-full-zip-hoodie,,,xs-8,,pink,'-AM004
template-womens-full-zip-hoodie,,,xl-16,,pink,'-AM004
template-womens-full-zip-hoodie,,,s-10,,pink,'-AM004
template-womens-full-zip-hoodie,,,m-12,,pink,'-AM004
template-womens-full-zip-hoodie,,,l-14,,pink,'-AM004
template-womens-full-zip-hoodie,,,2-xl-18,,pink,'-AM004
template-premium-t-shirt,,,purple,,5xl,AM010PURP5XL
template-organic-tee,,,xs,,Pink,
template-organic-tee,,,xl,,Pink,
template-organic-tee,,,s,,Pink,
template-organic-tee,,,m,,Pink,
template-organic-tee,,,l,,Pink,
template-organic-tee,,,6xl,,Pink,
template-organic-tee,,,5xl,,Pink,
template-organic-tee,,,3xl,,Pink,
template-organic-tee,,,2xl,,Pink,
template-baby-zip-thru-hoodie,,,6-12-months-1,,peach,'-SX229
template-baby-zip-thru-hoodie,,,24-36-months-1,,peach,'-SX229
template-baby-zip-thru-hoodie,,,18-24-months,,peach,'-SX229
template-baby-zip-thru-hoodie,,,12-18-months,,peach,'-SX229
template-cotton-sports-vest,,,xl,,olive,'-BB011
template-cotton-sports-vest,,,s,,olive,'-BB011
template-cotton-sports-vest,,,m,,olive,'-BB011
template-cotton-sports-vest,,,l,,olive,'-BB011
template-cotton-sports-vest,,,3xl,,olive,'-BB011
template-cotton-sports-vest,,,2xl,,olive,'-BB011
template-raglan-pullover-hood,,,xs,,navy-burgundy,
template-raglan-pullover-hood,,,xl,,navy-burgundy,
template-raglan-pullover-hood,,,s,,navy-burgundy,
template-raglan-pullover-hood,,,m,,navy-burgundy,
template-raglan-pullover-hood,,,l,,navy-burgundy,
template-raglan-pullover-hood,,,3xl,,navy-burgundy,
template-raglan-pullover-hood,,,2xl,,navy-burgundy,
template-premium-t-shirt,,,purple,,l,AM010PURPL
template-premium-t-shirt,,,purple,,m,AM010PURPM
template-premium-t-shirt,,,purple,,s,AM010PURPS
template-premium-t-shirt,,,purple,,xl,AM010PURPXL
template-premium-t-shirt,,,purple,,xs,AM010PURPXS
template-organic-tee,,,xl,,Navy Marl,
template-organic-tee,,,s,,Navy Marl,
template-organic-tee,,,l,,Navy Marl,
template-organic-tee,,,4xl,,Navy Marl,
template-organic-tee,,,3xl,,Navy Marl,
template-womens-hoodie,,,xs-8,,Navy,'-AM003
template-womens-hoodie,,,xl-16,,Navy,'-AM003
template-womens-hoodie,,,s-10,,Navy,'-AM003
template-womens-hoodie,,,m-12,,Navy,'-AM003
template-womens-hoodie,,,l-14,,Navy,'-AM003
template-womens-hoodie,,,2-xl-18,,Navy,'-AM003
template-kids-joggers,,,9-11-years,,navy,'-SS323
template-kids-joggers,,,7-8-years,,navy,'-SS323
template-kids-joggers,,,5-6-years,,navy,'-SS323
template-kids-joggers,,,14-15-years,,navy,'-SS323
template-kids-joggers,,,12-13-years,,navy,'-SS323
template-baby-zip-thru-hoodie,TEMPLATE | Baby Zip-Thru Hoodie,Size,6-12-months-1,Colour,navy,'-SX229
template-baby-zip-thru-hoodie,,,24-36-months-1,,navy,'-SX229
template-baby-zip-thru-hoodie,,,18-24-months,,navy,'-SX229
template-baby-zip-thru-hoodie,,,12-18-months,,navy,'-SX229
template-baby-body-shuit,,,6-12-months-1,,Navy,'-LW55T
template-baby-body-shuit,,,3-6-months,,Navy,'-LW55T
template-baby-body-shuit,,,12-18-months,,Navy,'-LW55T
template-baby-body-shuit,,,0-3-months,,Navy,'-LW55T
template-baby-zip-thru-hoodie,,,6-12-months-1,,natural-raw,'-SX229
template-baby-zip-thru-hoodie,,,24-36-months-1,,natural-raw,'-SX229
template-baby-zip-thru-hoodie,,,18-24-months,,natural-raw,'-SX229
template-baby-zip-thru-hoodie,,,12-18-months,,natural-raw,'-SX229
template-cushion-cover,,,Natural,,Medium (40x40cm),'-W350
template-cushion-cover,,,Light Grey,,Medium (40x40cm),'-W350
template-cushion-cover,TEMPLATE | Cushion Cover,Colour,black,Size,Medium (40x40cm),'-W350
template-kids-t-shirt,,,white-1,,m-7-8,'-GD01B
template-kids-t-shirt,,,purple,,m-7-8,'-GD01B
template-kids-t-shirt,,,navy,,m-7-8,'-GD01B
template-kids-t-shirt,,,light-pink,,m-7-8,'-GD01B
template-kids-t-shirt,,,light-blue,,m-7-8,'-GD01B
template-kids-t-shirt,,,khaki,,m-7-8,'-GD01B
template-kids-t-shirt,,,hot-pink,,m-7-8,'-GD01B
template-kids-t-shirt,,,charcoal,,m-7-8,'-GD01B
template-kids-t-shirt,,,black,,m-7-8,'-GD01B
template-womens-premium-t-shirt,,,white-1,,m-12,'-BB012
template-womens-premium-t-shirt,,,teal,,m-12,'-BB012
template-womens-premium-t-shirt,,,sand,,m-12,BB012SANDM
template-womens-premium-t-shirt,,,pink,,m-12,'-BB012
template-womens-premium-t-shirt,,,olive,,m-12,'-BB012
template-womens-premium-t-shirt,,,ocean-blue,,m-12,'-BB012
template-womens-premium-t-shirt,,,navy,,m-12,'-BB012
template-womens-premium-t-shirt,,,lilac,,m-12,'-BB012
template-womens-premium-t-shirt,,,heather-grey,,m-12,'-BB012
template-womens-premium-t-shirt,,,charcoal,,m-12,'-BB012
template-womens-premium-t-shirt,,,black,,m-12,BB012BLACM
template-tie-dye-hoodie,,,tie-dye-swirl,,m,'-JH022
template-tie-dye-hoodie,,,pastel-sunset-dip,,m,'-JH022
template-tie-dye-hoodie,,,grey-pink-marble,,m,'-JH022
template-tie-dye-hoodie,,,blue-cloud,,m,'-JH022
template-signature-hoodie,,,light-pink,,m,'-AM01
template-signature-hoodie,,,light-blue,,m,'-AM01
template-signature-hoodie,,,deep-navy,,m,'-AM01
template-signature-hoodie,,,black,,m,'-AM01
template-signature-hoodie,,,arctic-white,,m,'-AM01
template-signature-hoodie,,,natural-raw,,m,
template-signature-heavy-joggers,,,heather-grey,,m,'-BY014
template-signature-heavy-joggers,,,black,,m,'-BY014
template-premium-t-shirt,,,white,,m,BB010WHITM
template-organic-tee,,,m,,Black Marl,AM010BKMAM
template-organic-tee,,,m,,Desert Sand,AM010DSANM
template-premium-t-shirt,,,light-blue,,m,BB010OCBLM
template-premium-t-shirt,,,khaki,,m,BB010OLIVM
template-organic-tee,,,m,,Khaki,AM010KHAKM
template-premium-t-shirt,,,deep-navy,,m,BB010NAVYM
template-premium-t-shirt,,,charcoal,,m,BB010CHARM
template-premium-t-shirt,,,black,,m,BB010BLACM
template-premium-joggers,,,navy,,m,SX773FNAVM
template-premium-joggers,,,latte,,m,SX773LATTM
template-premium-joggers,,,khaki,,m,SX773KHAKM
template-premium-joggers,,,heather-grey,,m,SX773HGREM
template-premium-joggers,,,cool-heather,,m,SX773CHGYM
template-premium-joggers,,,black,,m,SX773BLACM
template-premium-joggers,,,stargazer,,m,
template-premium-joggers,,,natural,,m,
template-premium-hoodie,,,charcoal,,m,JH001STGYM
template-premium-hoodie,,,light-blue,,m,JH001SKYYM
template-premium-hoodie,,,purple,,m,JH001PURPM
template-premium-hoodie,,,deep-navy,,m,JH001NFNAM
template-premium-hoodie,,,hot-pink,,m,JH001HOPKM
template-premium-hoodie,,,black,,m,JH001DPBKM
template-premium-hoodie,,,light-pink,,m,JH001AWHIM
template-premium-hoodie,,,arctic-white,,m,JH001AWHIM
template-oversized-acid-wash-tee,,,vintage-blue,,m,BY189VBLUM
template-oversized-acid-wash-tee,,,soft-pink,,m,
template-oversized-acid-wash-tee,,,soft-lilac,,m,BY189SOLIM
template-oversized-acid-wash-tee,,,dark-khaki,,m,BY189DKHAM
template-oversized-acid-wash-tee,,,black,,m,BY189BLACM
template-oversized-acid-wash-tee,,,baltic-blue,,m,
template-oversized-acid-wash-tee,,,union-beige,,m,
template-organic-long-sleeve-t-shirt,,,black,,m,AM011BLACM
template-organic-long-sleeve-t-shirt,,,White,,m,'-AM011
template-organic-long-sleeve-t-shirt,,,Navy,,m,'-AM011
template-organic-long-sleeve-t-shirt,,,Grey Marl,,m,'-AM011
template-organic-long-sleeve-t-shirt,,,charcoal,,m,'-AM011
template-jogger-shorts,,,heather-grey,,m,'-TR058
template-jogger-shorts,,,black,,m,'-TR058
template-heavy-hoodie,,,fire-red,,m,JH120SORDM
template-heavy-hoodie,,,solid-charcoal,,m,JH120SOCHM
template-heavy-hoodie,,,natural-stone,,m,JH120NSTOM
template-heavy-hoodie,,,new-french-navy,,m,JH120NFNAM
template-heavy-hoodie,,,earthy-green,,m,JH120EAGNM
template-heavy-hoodie,,,desert-sand,,m,JH120DSANM
template-heavy-hoodie,,,black,,m,JH120DPBKM
template-heavy-hoodie,,,royal-blue,,m,JH120BROYM
template-heavy-hoodie,,,baby-pink,,m,JH120BAPKM
template-heavy-hoodie,,,arctic-white,,m,JH120AWHIM
template-heavy-hoodie,,,airforce-blue,,m,JH120ABLUM
template-clam-slam-premium-hoodie,,,light-blue,,m,JH001SKYYM
template-clam-slam-premium-hoodie,,,purple,,m,JH001PURPM
template-clam-slam-premium-hoodie,,,deep-navy,,m,JH001NFNAM
template-clam-slam-premium-hoodie,,,khaki,,m,JH001KHAKM
template-clam-slam-premium-hoodie,,,hot-pink,,m,JH001HOPKM
template-clam-slam-premium-hoodie,,,black,,m,JH001DPBKM
template-clam-slam-premium-hoodie,,,light-pink,,m,JH001BAPKM
template-clam-slam-premium-hoodie,,,arctic-white,,m,JH001AWHIM
template-cargo-joggers,,,black,,m,TR604BLACM
template-cargo-joggers,,,stone,,m,'-TR604
template-cargo-joggers,,,lilac,,m,'-TR604
template-cargo-joggers,,,light-blue,,m,'-TR604
template-cargo-joggers,,,heather-grey,,m,'-TR604
template-cargo-joggers,,,charcoal,,m,'-TR604
template-acid-wash-tee,,,vintage-blue,,m,'-BY190
template-acid-wash-tee,,,union-beige,,m,'-BY190
template-acid-wash-tee,,,soft-pink,,m,'-BY190
template-acid-wash-tee,,,soft-lilac,,m,'-BY190
template-acid-wash-tee,,,dark-khaki,,m,'-BY190
template-acid-wash-tee,,,black,,m,'-BY190
template-acid-wash-tee,,,asphalt,,m,'-BY190
template-premium-sweatshirt,,,xl,,light-pink,'-JH030
template-premium-sweatshirt,,,s,,light-pink,'-JH030
template-premium-sweatshirt,,,m,,light-pink,'-JH030
template-premium-sweatshirt,,,l,,light-pink,'-JH030
template-premium-sweatshirt,,,3xl,,light-pink,'-JH030
template-premium-sweatshirt,,,2xl,,light-pink,'-JH030
template-premium-sweatshirt,,,xl,,light-blue,'-JH030
template-premium-sweatshirt,,,s,,light-blue,'-JH030
template-premium-sweatshirt,,,m,,light-blue,'-JH030
template-premium-sweatshirt,,,l,,light-blue,'-JH030
template-premium-sweatshirt,,,3xl,,light-blue,'-JH030
template-premium-sweatshirt,,,2xl,,light-blue,'-JH030
template-full-zip-hoodie,,,xl,,light-blue,'-AM02
template-full-zip-hoodie,,,s,,light-blue,'-AM02
template-full-zip-hoodie,,,m,,light-blue,'-AM02
template-full-zip-hoodie,,,l,,light-blue,'-AM02
template-full-zip-hoodie,,,3xl,,light-blue,'-AM02
template-full-zip-hoodie,,,2xl,,light-blue,'-AM02
template-baby-zip-thru-hoodie,,,6-12-months-1,,light-blue,'-SX229
template-baby-zip-thru-hoodie,,,24-36-months-1,,light-blue,'-SX229
template-baby-zip-thru-hoodie,,,18-24-months,,light-blue,'-SX229
template-baby-zip-thru-hoodie,,,12-18-months,,light-blue,'-SX229
template-organic-tee,,,m,,Light Blue,AM010LBLUM
template-organic-tee,,,m,,Navy Marl,AM010NVMAM
template-organic-tee,,,m,,White,AM010WHITM
template-premium-t-shirt,,,light-pink,,2xl,AM010PINK2XL
template-premium-t-shirt,,,light-pink,,3xl,AM010PINK3XL
template-organic-tee,,,xs,,Light Blue,
template-organic-tee,,,xl,,Light Blue,
template-organic-tee,,,s,,Light Blue,
template-organic-tee,,,5xl,,Light Blue,
template-organic-tee,,,2xl,,Light Blue,
template-cushion-cover,,,Natural,,Large (50x50cm),'-W350
template-cushion-cover,,,Light Grey,,Large (50x50cm),'-W350
template-cushion-cover,,,black,,Large (50x50cm),'-W350
template-organic-bucket-hat,,,sky-blue,,L-XL,'-BC90N
template-organic-bucket-hat,,,sand,,L-XL,'-BC90N
template-organic-bucket-hat,,,navy,,L-XL,'-BC90N
template-organic-bucket-hat,,,gray-1,,L-XL,'-BC90N
template-organic-bucket-hat,,,black,,L-XL,'-BC90N
template-kids-t-shirt,,,white-1,,l-9-11,'-GD01B
template-kids-t-shirt,,,purple,,l-9-11,'-GD01B
template-kids-t-shirt,,,navy,,l-9-11,'-GD01B
template-kids-t-shirt,,,light-pink,,l-9-11,'-GD01B
template-kids-t-shirt,,,light-blue,,l-9-11,'-GD01B
template-kids-t-shirt,,,khaki,,l-9-11,'-GD01B
template-kids-t-shirt,,,hot-pink,,l-9-11,'-GD01B
template-kids-t-shirt,,,charcoal,,l-9-11,'-GD01B
template-kids-t-shirt,,,black,,l-9-11,'-GD01B
template-womens-premium-t-shirt,,,white-1,,l-14,'-BB012
template-womens-premium-t-shirt,,,teal,,l-14,'-BB012
template-womens-premium-t-shirt,,,sand,,l-14,BB012SANDL
template-womens-premium-t-shirt,,,pink,,l-14,'-BB012
template-womens-premium-t-shirt,,,olive,,l-14,'-BB012
template-womens-premium-t-shirt,,,ocean-blue,,l-14,'-BB012
template-womens-premium-t-shirt,,,navy,,l-14,'-BB012
template-womens-premium-t-shirt,,,lilac,,l-14,'-BB012
template-womens-premium-t-shirt,,,heather-grey,,l-14,'-BB012
template-womens-premium-t-shirt,,,charcoal,,l-14,'-BB012
template-womens-premium-t-shirt,,,black,,l-14,BB012BLACL
template-tie-dye-hoodie,,,tie-dye-swirl,,l,'-JH022
template-tie-dye-hoodie,,,pastel-sunset-dip,,l,'-JH022
template-tie-dye-hoodie,,,grey-pink-marble,,l,'-JH022
template-tie-dye-hoodie,,,blue-cloud,,l,'-JH022
template-signature-hoodie,,,light-pink,,l,'-AM01
template-signature-hoodie,,,light-blue,,l,'-AM01
template-signature-hoodie,,,deep-navy,,l,'-AM01
template-signature-hoodie,,,black,,l,'-AM01
template-signature-hoodie,,,arctic-white,,l,'-AM01
template-signature-hoodie,,,natural-raw,,l,
template-signature-heavy-joggers,,,heather-grey,,l,'-BY014
template-signature-heavy-joggers,,,black,,l,'-BY014
template-premium-t-shirt,,,white,,l,BB010WHITL
template-premium-t-shirt,,,light-pink,,4xl,AM010PINK4XL
template-premium-t-shirt,,,light-pink,,5xl,AM010PINK5XL
template-premium-t-shirt,,,light-blue,,l,BB010OCBLL
template-premium-t-shirt,,,khaki,,l,BB010OLIVL
template-premium-t-shirt,,,light-pink,,l,AM010PINKL
template-premium-t-shirt,,,deep-navy,,l,BB010NAVYL
template-premium-t-shirt,,,charcoal,,l,BB010CHARL
template-premium-t-shirt,,,black,,l,BB010BLACL
template-premium-joggers,,,navy,,l,SX773FNAVL
template-premium-joggers,,,latte,,l,SX773LATTL
template-premium-joggers,,,khaki,,l,SX773KHAKL
template-premium-joggers,,,heather-grey,,l,SX773HGREL
template-premium-joggers,,,cool-heather,,l,SX773CHGYL
template-premium-joggers,,,black,,l,SX773BLACL
template-premium-joggers,,,stargazer,,l,
template-premium-joggers,,,natural,,l,
template-premium-hoodie,,,charcoal,,l,JH001STGYL
template-premium-hoodie,,,light-blue,,l,JH001SKYYL
template-premium-hoodie,,,purple,,l,JH001PURPL
template-premium-hoodie,,,deep-navy,,l,JH001NFNAL
template-premium-hoodie,,,hot-pink,,l,JH001HOPKL
template-premium-hoodie,,,black,,l,JH001DPBKL
template-premium-hoodie,,,light-pink,,l,JH001AWHIL
template-premium-hoodie,,,arctic-white,,l,JH001AWHIL
template-oversized-acid-wash-tee,,,vintage-blue,,l,BY189VBLUL
template-oversized-acid-wash-tee,,,union-beige,,l,BY189UNBEL
template-oversized-acid-wash-tee,,,soft-pink,,l,
template-oversized-acid-wash-tee,,,soft-lilac,,l,BY189SOLIL
template-oversized-acid-wash-tee,,,dark-khaki,,l,BY189DKHAL
template-oversized-acid-wash-tee,,,black,,l,BY189BLACL
template-oversized-acid-wash-tee,,,baltic-blue,,l,
template-organic-long-sleeve-t-shirt,,,black,,l,AM011BLACL
template-organic-long-sleeve-t-shirt,,,White,,l,'-AM011
template-organic-long-sleeve-t-shirt,,,Navy,,l,'-AM011
template-organic-long-sleeve-t-shirt,,,Grey Marl,,l,'-AM011
template-organic-long-sleeve-t-shirt,,,charcoal,,l,'-AM011
template-jogger-shorts,,,heather-grey,,l,'-TR058
template-jogger-shorts,,,black,,l,'-TR058
template-heavy-hoodie,,,fire-red,,l,JH120SORDL
template-heavy-hoodie,,,solid-charcoal,,l,JH120SOCHL
template-heavy-hoodie,,,natural-stone,,l,JH120NSTOL
template-heavy-hoodie,,,new-french-navy,,l,JH120NFNAL
template-heavy-hoodie,,,earthy-green,,l,JH120EAGNL
template-heavy-hoodie,,,desert-sand,,l,JH120DSANL
template-heavy-hoodie,,,black,,l,JH120DPBKL
template-heavy-hoodie,,,royal-blue,,l,JH120BROYL
template-heavy-hoodie,,,baby-pink,,l,JH120BAPKL
template-heavy-hoodie,,,arctic-white,,l,JH120AWHIL
template-heavy-hoodie,,,airforce-blue,,l,JH120ABLUL
template-clam-slam-premium-hoodie,,,light-blue,,l,JH001SKYYL
template-clam-slam-premium-hoodie,,,purple,,l,JH001PURPL
template-clam-slam-premium-hoodie,,,deep-navy,,l,JH001NFNAL
template-clam-slam-premium-hoodie,,,khaki,,l,JH001KHAKL
template-clam-slam-premium-hoodie,,,hot-pink,,l,JH001HOPKL
template-clam-slam-premium-hoodie,,,black,,l,JH001DPBKL
template-clam-slam-premium-hoodie,,,light-pink,,l,JH001BAPKL
template-clam-slam-premium-hoodie,,,arctic-white,,l,JH001AWHIL
template-cargo-joggers,,,black,,l,TR604BLACL
template-cargo-joggers,,,stone,,l,'-TR604
template-cargo-joggers,,,lilac,,l,'-TR604
template-cargo-joggers,,,light-blue,,l,'-TR604
template-cargo-joggers,,,heather-grey,,l,'-TR604
template-cargo-joggers,,,charcoal,,l,'-TR604
template-acid-wash-tee,,,vintage-blue,,l,'-BY190
template-acid-wash-tee,,,union-beige,,l,'-BY190
template-acid-wash-tee,,,soft-pink,,l,'-BY190
template-acid-wash-tee,,,soft-lilac,,l,'-BY190
template-acid-wash-tee,,,dark-khaki,,l,'-BY190
template-acid-wash-tee,,,black,,l,'-BY190
template-acid-wash-tee,,,asphalt,,l,'-BY190
template-vintage-organic-tee,,,5xl,,Khaki,'-AM057
template-vintage-organic-tee,,,4xl,,Khaki,'-AM052
template-vintage-organic-tee,,,3xl,,Khaki,'-AM047
template-vintage-organic-tee,,,2xl,,Khaki,'-AM042
template-vintage-organic-tee,,,xl,,Khaki,'-AM037
template-vintage-organic-tee,,,l,,Khaki,'-AM032
template-vintage-organic-tee,,,m,,Khaki,'-AM027
template-vintage-organic-tee,,,s,,Khaki,'-AM022
template-vintage-organic-tee,,,xs,,Khaki,'-AM017
template-vintage-organic-tee,,,2xs,,Khaki,'-AM012
template-premium-sweatshirt,,,xl,,khaki,'-JH030
template-premium-sweatshirt,,,s,,khaki,'-JH030
template-premium-sweatshirt,,,m,,khaki,'-JH030
template-premium-sweatshirt,,,l,,khaki,'-JH030
template-premium-sweatshirt,,,3xl,,khaki,'-JH030
template-premium-sweatshirt,,,2xl,,khaki,'-JH030
template-premium-t-shirt,,,light-pink,,m,AM010PINKM
template-premium-t-shirt,,,light-pink,,s,AM010PINKS
template-premium-t-shirt,,,light-pink,,xl,AM010PINKXL
template-premium-t-shirt,,,light-pink,,xs,AM010PINKXS
template-organic-tee,,,l,,Black Marl,AM010BKMAL
template-organic-tee,,,l,,Desert Sand,AM010DSANL
template-organic-tee,,,l,,Khaki,AM010KHAKL
template-organic-tee,,,l,,Light Blue,AM010LBLUL
template-organic-tee,,,l,,White,AM010WHITL
template-premium-t-shirt,,,hot-pink,,2xl,AM010HOPK2XL
template-premium-sweatshirt,,,xl,,hot-pink,'-JH030
template-premium-sweatshirt,,,s,,hot-pink,'-JH030
template-premium-sweatshirt,,,m,,hot-pink,'-JH030
template-premium-sweatshirt,,,l,,hot-pink,'-JH030
template-premium-sweatshirt,,,3xl,,hot-pink,'-JH030
template-premium-sweatshirt,,,2xl,,hot-pink,'-JH030
template-premium-t-shirt,,,hot-pink,,3xl,AM010HOPK3XL
template-premium-t-shirt,,,hot-pink,,4xl,AM010HOPK4XL
template-premium-t-shirt,,,hot-pink,,5xl,AM010HOPK5XL
template-premium-t-shirt,,,hot-pink,,l,AM010HOPKL
template-premium-t-shirt,,,hot-pink,,m,AM010HOPKM
template-organic-tee,,,xs,,Hot Pink,
template-organic-tee,,,xl,,Hot Pink,
template-organic-tee,,,m,,Hot Pink,
template-organic-tee,,,l,,Hot Pink,
template-organic-tee,,,3xl,,Hot Pink,
template-raglan-pullover-hood,,,xs,,heather-grey-black,'-BB005
template-raglan-pullover-hood,,,xl,,heather-grey-black,'-BB005
template-raglan-pullover-hood,,,s,,heather-grey-black,'-BB005
template-raglan-pullover-hood,,,m,,heather-grey-black,'-BB005
template-raglan-pullover-hood,,,l,,heather-grey-black,'-BB005
template-raglan-pullover-hood,,,3xl,,heather-grey-black,'-BB005
template-raglan-pullover-hood,,,2xl,,heather-grey-black,'-BB005
template-womens-v-neck-t-shirt,,,xl-14,,heather-grey,GD078SPGYXL
template-womens-v-neck-t-shirt,,,s-6-8,,heather-grey,GD078SPGYS
template-womens-v-neck-t-shirt,,,m-8-10,,heather-grey,GD078SPGYM
template-womens-v-neck-t-shirt,,,l-12,,heather-grey,GD078SPGYL
template-womens-v-neck-t-shirt,,,2-xl-16,,heather-grey,GD078SPGY2XL
template-kids-joggers,,,9-11-years,,heather-grey,'-SS323
template-kids-joggers,,,7-8-years,,heather-grey,'-SS323
template-kids-joggers,,,5-6-years,,heather-grey,'-SS323
template-kids-joggers,,,14-15-years,,heather-grey,'-SS323
template-kids-joggers,,,12-13-years,,heather-grey,'-SS323
template-cotton-sports-vest,,,xl,,heather-grey,'-BB011
template-cotton-sports-vest,,,s,,heather-grey,'-BB011
template-cotton-sports-vest,,,m,,heather-grey,'-BB011
template-cotton-sports-vest,,,l,,heather-grey,'-BB011
template-cotton-sports-vest,,,3xl,,heather-grey,'-BB011
template-cotton-sports-vest,,,2xl,,heather-grey,'-BB011
template-baby-zip-thru-hoodie,,,6-12-months-1,,heather-grey,'-SX229
template-baby-zip-thru-hoodie,,,24-36-months-1,,heather-grey,'-SX229
template-baby-zip-thru-hoodie,,,18-24-months,,heather-grey,'-SX229
template-baby-zip-thru-hoodie,,,12-18-months,,heather-grey,'-SX229
template-baby-body-shuit,,,6-12-months-1,,Heather Grey,'-LW55T
template-baby-body-shuit,,,3-6-months,,Heather Grey,'-LW55T
template-baby-body-shuit,,,12-18-months,,Heather Grey,'-LW55T
template-baby-body-shuit,,,0-3-months,,Heather Grey,'-LW55T
template-womens-full-zip-hoodie,,,xs-8,,grey-marl,'-AM004
template-womens-full-zip-hoodie,,,xl-16,,grey-marl,'-AM004
template-womens-full-zip-hoodie,,,s-10,,grey-marl,'-AM004
template-womens-full-zip-hoodie,,,m-12,,grey-marl,'-AM004
template-womens-full-zip-hoodie,,,l-14,,grey-marl,'-AM004
template-womens-full-zip-hoodie,,,2-xl-18,,grey-marl,'-AM004
template-full-zip-hoodie,,,xl,,grey-marl,'-AM02
template-full-zip-hoodie,,,s,,grey-marl,'-AM02
template-full-zip-hoodie,,,m,,grey-marl,'-AM02
template-full-zip-hoodie,,,l,,grey-marl,'-AM02
template-full-zip-hoodie,,,3xl,,grey-marl,'-AM02
template-full-zip-hoodie,,,2xl,,grey-marl,'-AM02
template-womens-hoodie,,,xs-8,,Grey Marl,'-AM003
template-womens-hoodie,,,xl-16,,Grey Marl,'-AM003
template-womens-hoodie,,,s-10,,Grey Marl,'-AM003
template-womens-hoodie,,,m-12,,Grey Marl,'-AM003
template-womens-hoodie,,,l-14,,Grey Marl,'-AM003
template-womens-hoodie,,,2-xl-18,,Grey Marl,'-AM003
template-premium-t-shirt,,,hot-pink,,s,AM010HOPKS
template-premium-t-shirt,,,hot-pink,,xl,AM010HOPKXL
template-premium-t-shirt,,,hot-pink,,xs,AM010HOPKXS
template-organic-tee,,,6xl,,Black Marl,AM010BKMA6XL
template-organic-tee,,,6xl,,Desert Sand,AM010DSAN6XL
template-organic-tee,,,xs,,Grey Marl,
template-organic-tee,,,xl,,Grey Marl,
template-organic-tee,,,m,,Grey Marl,
template-organic-tee,,,l,,Grey Marl,
template-organic-tee,,,3xl,,Grey Marl,
template-baby-body-shuit,,,6-12-months-1,,Fuschia,'-LW55T
template-baby-body-shuit,,,3-6-months,,Fuschia,'-LW55T
template-baby-body-shuit,,,12-18-months,,Fuschia,'-LW55T
template-baby-body-shuit,,,0-3-months,,Fuschia,'-LW55T
template-full-zip-hoodie,,,xl,,desert-sand,'-AM02
template-full-zip-hoodie,,,s,,desert-sand,'-AM02
template-full-zip-hoodie,,,m,,desert-sand,'-AM02
template-full-zip-hoodie,,,l,,desert-sand,'-AM02
template-full-zip-hoodie,,,3xl,,desert-sand,'-AM02
template-full-zip-hoodie,,,2xl,,desert-sand,'-AM02
template-vintage-organic-tee,,,5xl,,Desert Sand,'-AM056
template-vintage-organic-tee,,,4xl,,Desert Sand,'-AM051
template-vintage-organic-tee,,,3xl,,Desert Sand,'-AM046
template-vintage-organic-tee,,,2xl,,Desert Sand,'-AM041
template-vintage-organic-tee,,,xl,,Desert Sand,'-AM036
template-vintage-organic-tee,,,l,,Desert Sand,'-AM031
template-vintage-organic-tee,,,m,,Desert Sand,'-AM026
template-vintage-organic-tee,,,s,,Desert Sand,'-AM021
template-vintage-organic-tee,,,xs,,Desert Sand,'-AM016
template-vintage-organic-tee,,,2xs,,Desert Sand,'-AM011
template-organic-tee,,,6xl,,Grey Marl,AM010GMAR6XL
template-organic-tee,,,6xl,,Hot Pink,AM010HOPK6XL
template-organic-tee,,,6xl,,Khaki,AM010KHAK6XL
template-organic-tee,,,6xl,,Light Blue,AM010LBLU6XL
template-organic-tee,,,6xl,,Navy Marl,AM010NVMA6XL
template-organic-tee,,,6xl,,White,AM010WHIT6XL
template-organic-tee,,,5xl,,Black,AM010PINK2XL
template-organic-tee,,,5xl,,Black Marl,AM010BKMA5XL
template-organic-tee,,,5xl,,Desert Sand,AM010DSAN5XL
template-organic-tee,,,5xl,,Grey Marl,AM010GMAR5XL
template-womens-v-neck-t-shirt,,,xl-14,,deep-navy,GD078NAVYXL
template-womens-v-neck-t-shirt,,,s-6-8,,deep-navy,GD078NAVYS
template-womens-v-neck-t-shirt,,,m-8-10,,deep-navy,GD078NAVYM
template-womens-v-neck-t-shirt,,,l-12,,deep-navy,GD078NAVYL
template-womens-v-neck-t-shirt,,,2-xl-16,,deep-navy,GD078NAVY2XL
template-womens-full-zip-hoodie,TEMPLATE | Women's Full Zip Hoodie,Size,xs-8,Colour,deep-navy,'-AM004
template-womens-full-zip-hoodie,,,xl-16,,deep-navy,'-AM004
template-womens-full-zip-hoodie,,,s-10,,deep-navy,'-AM004
template-womens-full-zip-hoodie,,,m-12,,deep-navy,'-AM004
template-womens-full-zip-hoodie,,,l-14,,deep-navy,'-AM004
template-womens-full-zip-hoodie,,,2-xl-18,,deep-navy,'-AM004
template-premium-sweatshirt,,,xl,,deep-navy,'-JH030
template-premium-sweatshirt,,,s,,deep-navy,'-JH030
template-premium-sweatshirt,,,m,,deep-navy,'-JH030
template-premium-sweatshirt,,,l,,deep-navy,'-JH030
template-premium-sweatshirt,,,3xl,,deep-navy,'-JH030
template-premium-sweatshirt,,,2xl,,deep-navy,'-JH030
template-full-zip-hoodie,,,xl,,deep-navy,'-AM02
template-full-zip-hoodie,,,s,,deep-navy,'-AM02
template-full-zip-hoodie,,,m,,deep-navy,'-AM02
template-full-zip-hoodie,,,l,,deep-navy,'-AM02
template-full-zip-hoodie,,,3xl,,deep-navy,'-AM02
template-full-zip-hoodie,,,2xl,,deep-navy,'-AM02
template-cotton-sports-vest,,,xl,,deep-navy,'-BB011
template-cotton-sports-vest,,,s,,deep-navy,'-BB011
template-cotton-sports-vest,,,m,,deep-navy,'-BB011
template-cotton-sports-vest,,,l,,deep-navy,'-BB011
template-cotton-sports-vest,,,3xl,,deep-navy,'-BB011
template-cotton-sports-vest,,,2xl,,deep-navy,'-BB011
template-baby-zip-thru-hoodie,,,6-12-months-1,,cotton-pink,'-SX229
template-baby-zip-thru-hoodie,,,24-36-months-1,,cotton-pink,'-SX229
template-baby-zip-thru-hoodie,,,18-24-months,,cotton-pink,'-SX229
template-baby-zip-thru-hoodie,,,12-18-months,,cotton-pink,'-SX229
template-cotton-sports-vest,,,xl,,cobalt-blue,'-BB011
template-cotton-sports-vest,,,s,,cobalt-blue,'-BB011
template-cotton-sports-vest,,,m,,cobalt-blue,'-BB011
template-cotton-sports-vest,,,l,,cobalt-blue,'-BB011
template-cotton-sports-vest,,,3xl,,cobalt-blue,'-BB011
template-cotton-sports-vest,,,2xl,,cobalt-blue,'-BB011
template-raglan-pullover-hood,TEMPLATE | Raglan Pullover Hood,Size,xs,Colour,charcoal-black,'-BB005
template-raglan-pullover-hood,,,xl,,charcoal-black,'-BB005
template-raglan-pullover-hood,,,s,,charcoal-black,'-BB005
template-raglan-pullover-hood,,,m,,charcoal-black,'-BB005
template-raglan-pullover-hood,,,l,,charcoal-black,'-BB005
template-raglan-pullover-hood,,,3xl,,charcoal-black,'-BB005
template-raglan-pullover-hood,,,2xl,,charcoal-black,'-BB005
template-premium-sweatshirt,,,xl,,charcoal-1,'-JH030
template-premium-sweatshirt,,,s,,charcoal-1,'-JH030
template-premium-sweatshirt,,,m,,charcoal-1,'-JH030
template-premium-sweatshirt,,,l,,charcoal-1,'-JH030
template-premium-sweatshirt,,,3xl,,charcoal-1,'-JH030
template-premium-sweatshirt,,,2xl,,charcoal-1,'-JH030
template-full-zip-hoodie,,,xl,,charcoal-1,'-AM02
template-full-zip-hoodie,,,s,,charcoal-1,'-AM02
template-full-zip-hoodie,,,m,,charcoal-1,'-AM02
template-full-zip-hoodie,,,l,,charcoal-1,'-AM02
template-full-zip-hoodie,,,3xl,,charcoal-1,'-AM02
template-full-zip-hoodie,,,2xl,,charcoal-1,'-AM02
template-cotton-sports-vest,,,xl,,charcoal-1,'-BB011
template-cotton-sports-vest,,,s,,charcoal-1,'-BB011
template-cotton-sports-vest,,,m,,charcoal-1,'-BB011
template-cotton-sports-vest,,,l,,charcoal-1,'-BB011
template-cotton-sports-vest,,,3xl,,charcoal-1,'-BB011
template-cotton-sports-vest,,,2xl,,charcoal-1,'-BB011
template-womens-hoodie,,,xs-8,,Charcoal,'-AM003
template-womens-hoodie,,,xl-16,,Charcoal,'-AM003
template-womens-hoodie,,,s-10,,Charcoal,'-AM003
template-womens-hoodie,,,m-12,,Charcoal,'-AM003
template-womens-hoodie,,,l-14,,Charcoal,'-AM003
template-womens-hoodie,,,2-xl-18,,Charcoal,'-AM003
template-vintage-organic-tee,,,5xl,,Charcoal,'-AM059
template-vintage-organic-tee,,,4xl,,Charcoal,'-AM054
template-vintage-organic-tee,,,3xl,,Charcoal,'-AM049
template-vintage-organic-tee,,,2xl,,Charcoal,'-AM044
template-vintage-organic-tee,,,xl,,Charcoal,'-AM039
template-vintage-organic-tee,,,l,,Charcoal,'-AM034
template-vintage-organic-tee,,,m,,Charcoal,'-AM029
template-vintage-organic-tee,,,s,,Charcoal,'-AM024
template-vintage-organic-tee,,,xs,,Charcoal,'-AM019
template-vintage-organic-tee,,,2xs,,Charcoal,'-AM014
template-baby-zip-thru-hoodie,,,6-12-months-1,,butter,'-SX229
template-baby-zip-thru-hoodie,,,24-36-months-1,,butter,'-SX229
template-baby-zip-thru-hoodie,,,18-24-months,,butter,'-SX229
template-baby-zip-thru-hoodie,,,12-18-months,,butter,'-SX229
template-cotton-sports-vest,,,xl,,burgundy,'-BB011
template-cotton-sports-vest,,,s,,burgundy,'-BB011
template-cotton-sports-vest,,,m,,burgundy,'-BB011
template-cotton-sports-vest,,,l,,burgundy,'-BB011
template-cotton-sports-vest,,,3xl,,burgundy,'-BB011
template-cotton-sports-vest,,,2xl,,burgundy,'-BB011
template-contrast-pullover-hoodie,,,xl,,black-white,JH003JBAWXL
template-contrast-pullover-hoodie,,,xl,,black-sapphire-blue,JH003JBSAXL
template-contrast-pullover-hoodie,,,xl,,black-red,JH003JBFRXL
template-contrast-pullover-hoodie,,,xl,,black-purple,JH003JBPUXL
template-contrast-pullover-hoodie,,,xl,,black-hot-pink,JH003JBHPXL
template-contrast-pullover-hoodie,,,xl,,black-green,JH003JBKGXL
template-womens-full-zip-hoodie,,,xs-8,,black-7,'-AM004
template-womens-full-zip-hoodie,,,xl-16,,black-7,'-AM004
template-womens-full-zip-hoodie,,,s-10,,black-7,'-AM004
template-womens-full-zip-hoodie,,,m-12,,black-7,'-AM004
template-womens-full-zip-hoodie,,,l-14,,black-7,'-AM004
template-womens-full-zip-hoodie,,,2-xl-18,,black-7,'-AM004
template-premium-sweatshirt,,,xl,,black-6,'-JH030
template-premium-sweatshirt,TEMPLATE | Premium Sweatshirt,Size,s,Colour,black-6,'-JH030
template-premium-sweatshirt,,,m,,black-6,'-JH030
template-premium-sweatshirt,,,l,,black-6,'-JH030
template-premium-sweatshirt,,,3xl,,black-6,'-JH030
template-premium-sweatshirt,,,2xl,,black-6,'-JH030
template-kids-cotton-vest,,,xl-12-13,,black-6,'-SM123
template-kids-cotton-vest,TEMPLATE | Kids Cotton Vest,Size,s-5-6,Colour,black-6,'-SM123
template-kids-cotton-vest,,,m-7-8,,black-6,'-SM123
template-kids-cotton-vest,,,l-9-11,,black-6,'-SM123
template-full-zip-hoodie,,,xl,,black-6,'-AM02
template-full-zip-hoodie,TEMPLATE | Men's Full Zip Hoodie,Size,s,Colour,black-6,'-AM02
template-full-zip-hoodie,,,m,,black-6,'-AM02
template-full-zip-hoodie,,,l,,black-6,'-AM02
template-full-zip-hoodie,,,3xl,,black-6,'-AM02
template-full-zip-hoodie,,,2xl,,black-6,'-AM02
template-cotton-sports-vest,,,xl,,black-6,'-BB011
template-cotton-sports-vest,TEMPLATE | Cotton Sports Vest,Size,s,Colour,black-6,'-BB011
template-cotton-sports-vest,,,m,,black-6,'-BB011
template-cotton-sports-vest,,,l,,black-6,'-BB011
template-cotton-sports-vest,,,3xl,,black-6,'-BB011
template-cotton-sports-vest,,,2xl,,black-6,'-BB011
template-kids-joggers,,,9-11-years,,black-5,'-SS323
template-kids-joggers,,,7-8-years,,black-5,'-SS323
template-kids-joggers,TEMPLATE | Kids Joggers,Size,5-6-years,Colour,black-5,'-SS323
template-kids-joggers,,,14-15-years,,black-5,'-SS323
template-kids-joggers,,,12-13-years,,black-5,'-SS323
template-vintage-organic-tee,,,5xl,,Black Marl,'-AM055
template-vintage-organic-tee,,,4xl,,Black Marl,'-AM050
template-vintage-organic-tee,,,3xl,,Black Marl,'-AM045
template-vintage-organic-tee,,,2xl,,Black Marl,'-AM040
template-vintage-organic-tee,,,xl,,Black Marl,'-AM035
template-vintage-organic-tee,,,l,,Black Marl,'-AM030
template-vintage-organic-tee,,,m,,Black Marl,'-AM025
template-vintage-organic-tee,,,s,,Black Marl,'-AM020
template-vintage-organic-tee,,,xs,,Black Marl,'-AM015
template-organic-tee,,,5xl,,Hot Pink,AM010HOPK5XL
template-organic-tee,,,5xl,,Khaki,AM010KHAK5XL
template-organic-tee,,,5xl,,Navy Marl,AM010NVMA5XL
template-organic-tee,,,5xl,,White,AM010WHIT5XL
template-organic-tee,,,4xl,,Black Marl,AM010BKMA4XL
template-organic-tee,,,4xl,,Desert Sand,AM010DSAN4XL
template-organic-tee,,,4xl,,Grey Marl,AM010PINKL
template-organic-tee,,,4xl,,Hot Pink,AM010PINKXL
template-organic-tee,,,4xl,,Khaki,AM010KHAK4XL
template-organic-tee,,,4xl,,Light Blue,AM010PINKM
template-organic-tee,,,4xl,,Pink,AM010PINKS
template-womens-v-neck-t-shirt,,,xl-14,,black,GD078BLACXL
template-womens-v-neck-t-shirt,TEMPLATE | Women's V-Neck T-Shirt,Size,s-6-8,Colour,black,GD078BLACS
template-womens-v-neck-t-shirt,,,m-8-10,,black,GD078BLACM
template-womens-v-neck-t-shirt,,,l-12,,black,GD078BLACL
template-womens-v-neck-t-shirt,,,2-xl-16,,black,GD078BLAC2XL
template-womens-hoodie,TEMPLATE | Women's Hoodie,Size,xs-8,Colour,Black,'-AM003
template-womens-hoodie,,,xl-16,,Black,'-AM003
template-womens-hoodie,,,s-10,,Black,'-AM003
template-womens-hoodie,,,m-12,,Black,'-AM003
template-womens-hoodie,,,l-14,,Black,'-AM003
template-womens-hoodie,,,2-xl-18,,Black,'-AM003
template-organic-tee,,,4xl,,White,AM010WHIT4XL
template-organic-tee,,,3xl,,Black Marl,AM010BKMA3XL
template-organic-tee,,,xl,,Black,
template-organic-tee,,,s,,Black,
template-organic-tee,,,m,,Black,
template-organic-tee,,,l,,Black,
template-organic-tee,,,6xl,,Black,
template-organic-tee,,,4xl,,Black,
template-organic-tee,,,3xl,,Black,
template-organic-tee,,,2xl,,Black,
template-baby-body-shuit,,,6-12-months-1,,Black,'-LW55T
template-baby-body-shuit,,,3-6-months,,Black,'-LW55T
template-baby-body-shuit,,,12-18-months,,Black,'-LW55T
template-baby-body-shuit,TEMPLATE | Baby Body Suit,Size,0-3-months,Colour,Black,'-LW55T
template-acid-wash-oversize-hoodie,TEMPLATE | Acid Wash Oversize Hoodie,Size,xs,Colour,black,'-BY191
template-acid-wash-oversize-hoodie,,,xl,,black,'-BY191
template-acid-wash-oversize-hoodie,,,s,,black,'-BY191
template-acid-wash-oversize-hoodie,,,m,,black,'-BY191
template-acid-wash-oversize-hoodie,,,l,,black,'-BY191
template-acid-wash-oversize-hoodie,,,5xl,,black,'-BY191
template-acid-wash-oversize-hoodie,,,4xl,,black,'-BY191
template-acid-wash-oversize-hoodie,,,3xl,,black,'-BY191
template-acid-wash-oversize-hoodie,,,2xl,,black,'-BY191
template-baby-body-shuit,,,6-12-months-1,,Baby Pink,'-LW55T
template-baby-body-shuit,,,3-6-months,,Baby Pink,'-LW55T
template-baby-body-shuit,,,12-18-months,,Baby Pink,'-LW55T
template-baby-body-shuit,,,0-3-months,,Baby Pink,'-LW55T
template-baby-body-shuit,,,6-12-months-1,,Baby Blue,'-LW55T
template-baby-body-shuit,,,3-6-months,,Baby Blue,'-LW55T
template-baby-body-shuit,,,12-18-months,,Baby Blue,'-LW55T
template-baby-body-shuit,,,0-3-months,,Baby Blue,'-LW55T
template-acid-wash-oversize-hoodie,,,xs,,asphalt,'-BY191
template-acid-wash-oversize-hoodie,,,xl,,asphalt,'-BY191
template-acid-wash-oversize-hoodie,,,s,,asphalt,'-BY191
template-acid-wash-oversize-hoodie,,,m,,asphalt,'-BY191
template-acid-wash-oversize-hoodie,,,l,,asphalt,'-BY191
template-acid-wash-oversize-hoodie,,,5xl,,asphalt,'-BY191
template-acid-wash-oversize-hoodie,,,4xl,,asphalt,'-BY191
template-acid-wash-oversize-hoodie,,,3xl,,asphalt,'-BY191
template-acid-wash-oversize-hoodie,,,2xl,,asphalt,'-BY191
template-kids-t-shirt,,,light-pink,,AM011BLACXS,'-GD01B
template-signature-hoodie,,,light-pink,,5xl,'-AM01
template-signature-hoodie,,,light-blue,,5xl,'-AM01
template-signature-hoodie,,,black,,5xl,'-AM01
template-signature-hoodie,,,arctic-white,,5xl,'-AM01
template-signature-hoodie,,,natural-raw,,5xl,
template-signature-hoodie,,,deep-navy,,5xl,
template-signature-heavy-joggers,,,heather-grey,,5xl,'-BY014
template-signature-heavy-joggers,,,black,,5xl,'-BY014
template-premium-t-shirt,,,white,,5xl,BB010WHIT5XL
template-organic-tee,,,3xl,,Desert Sand,AM010DSAN3XL
template-organic-tee,,,3xl,,Khaki,AM010KHAK3XL
template-premium-t-shirt,,,light-blue,,5xl,BB010OCBL5XL
template-premium-t-shirt,,,khaki,,5xl,BB010OLIV5XL
template-organic-tee,,,3xl,,Light Blue,AM010LBLU3XL
template-premium-t-shirt,,,deep-navy,,5xl,BB010NAVY5XL
template-premium-t-shirt,,,charcoal,,5xl,BB010CHAR5XL
template-premium-t-shirt,,,black,,5xl,BB010BLAC5XL
template-premium-hoodie,,,light-blue,,5xl,JH001SKYY5XL
template-premium-hoodie,,,purple,,5xl,JH001PURP5XL
template-premium-hoodie,,,deep-navy,,5xl,JH001NFNA5XL
template-premium-hoodie,,,black,,5xl,JH001DPBK5XL
template-premium-hoodie,,,charcoal,,5xl,JH001CHAR5XL
template-premium-hoodie,,,light-pink,,5xl,JH001AWHI5XL
template-premium-hoodie,,,arctic-white,,5xl,JH001AWHI5XL
template-oversized-acid-wash-tee,,,vintage-blue,,5xl,BY189VBLU5XL
template-oversized-acid-wash-tee,,,soft-pink,,5xl,
template-oversized-acid-wash-tee,,,soft-lilac,,5xl,BY189SOLI5XL
template-oversized-acid-wash-tee,,,dark-khaki,,5xl,BY189DKHA5XL
template-oversized-acid-wash-tee,,,black,,5xl,BY189BLAC5XL
template-oversized-acid-wash-tee,,,baltic-blue,,5xl,
template-oversized-acid-wash-tee,,,union-beige,,5xl,
template-organic-long-sleeve-t-shirt,,,black,,5xl,AM011BLAC5XL
template-organic-long-sleeve-t-shirt,,,White,,5xl,'-AM011
template-organic-long-sleeve-t-shirt,,,Navy,,5xl,'-AM011
template-organic-long-sleeve-t-shirt,,,Grey Marl,,5xl,'-AM011
template-organic-long-sleeve-t-shirt,,,charcoal,,5xl,'-AM011
template-clam-slam-premium-hoodie,,,light-blue,,5xl,JH001SKYY5XL
template-clam-slam-premium-hoodie,,,purple,,5xl,JH001PURP5XL
template-clam-slam-premium-hoodie,,,deep-navy,,5xl,JH001NFNA5XL
template-clam-slam-premium-hoodie,,,black,,5xl,JH001DPBK5XL
template-clam-slam-premium-hoodie,,,arctic-white,,5xl,JH001AWHI5XL
template-clam-slam-premium-hoodie,,,light-pink,,5xl,AM011BLAC4XL
template-clam-slam-premium-hoodie,,,khaki,,5xl,
template-clam-slam-premium-hoodie,,,hot-pink,,5xl,
template-acid-wash-tee,,,vintage-blue,,5xl,'-BY190
template-acid-wash-tee,,,union-beige,,5xl,'-BY190
template-acid-wash-tee,,,soft-pink,,5xl,'-BY190
template-acid-wash-tee,,,soft-lilac,,5xl,'-BY190
template-acid-wash-tee,,,dark-khaki,,5xl,'-BY190
template-acid-wash-tee,,,black,,5xl,'-BY190
template-acid-wash-tee,,,asphalt,,5xl,'-BY190
template-womens-premium-t-shirt,,,white-1,,5-xl-24,'-BB012
template-womens-premium-t-shirt,,,teal,,5-xl-24,'-BB012
template-womens-premium-t-shirt,,,sand,,5-xl-24,BB012SAND5XL
template-womens-premium-t-shirt,,,pink,,5-xl-24,'-BB012
template-womens-premium-t-shirt,,,olive,,5-xl-24,'-BB012
template-womens-premium-t-shirt,,,ocean-blue,,5-xl-24,'-BB012
template-womens-premium-t-shirt,,,navy,,5-xl-24,'-BB012
template-womens-premium-t-shirt,,,lilac,,5-xl-24,'-BB012
template-womens-premium-t-shirt,,,heather-grey,,5-xl-24,'-BB012
template-womens-premium-t-shirt,,,charcoal,,5-xl-24,'-BB012
template-womens-premium-t-shirt,,,black,,5-xl-24,BB012BLAC5XL
template-signature-hoodie,,,natural-raw,,4xl,'-AM01
template-signature-hoodie,,,light-pink,,4xl,'-AM01
template-signature-hoodie,,,light-blue,,4xl,'-AM01
template-signature-hoodie,,,deep-navy,,4xl,'-AM01
template-signature-hoodie,,,black,,4xl,'-AM01
template-signature-hoodie,,,arctic-white,,4xl,'-AM01
template-signature-heavy-joggers,,,heather-grey,,4xl,'-BY014
template-signature-heavy-joggers,,,black,,4xl,'-BY014
template-premium-t-shirt,,,white,,4xl,BB010WHIT4XL
template-organic-tee,,,3xl,,White,AM010WHIT3XL
template-premium-t-shirt,,,light-blue,,4xl,BB010OCBL4XL
template-premium-t-shirt,,,khaki,,4xl,BB010OLIV4XL
template-organic-tee,,,2xl,,Black Marl,AM010BKMA2XL
template-premium-t-shirt,,,deep-navy,,4xl,BB010NAVY4XL
template-premium-t-shirt,,,charcoal,,4xl,BB010CHAR4XL
template-premium-t-shirt,,,black,,4xl,BB010BLAC4XL
template-premium-hoodie,,,light-blue,,4xl,JH001SKYY4XL
template-premium-hoodie,,,purple,,4xl,JH001PURP4XL
template-premium-hoodie,,,deep-navy,,4xl,JH001NFNA4XL
template-premium-hoodie,,,black,,4xl,JH001DPBK4XL
template-premium-hoodie,,,charcoal,,4xl,JH001CHAR4XL
template-premium-hoodie,,,light-pink,,4xl,JH001AWHI4XL
template-premium-hoodie,,,arctic-white,,4xl,JH001AWHI4XL
template-oversized-acid-wash-tee,,,vintage-blue,,4xl,BY189VBLU4XL
template-oversized-acid-wash-tee,,,union-beige,,4xl,BY189UNBE4XL
template-oversized-acid-wash-tee,,,soft-pink,,4xl,
template-oversized-acid-wash-tee,,,soft-lilac,,4xl,BY189SOLI4XL
template-oversized-acid-wash-tee,,,dark-khaki,,4xl,BY189DKHA3XL
template-oversized-acid-wash-tee,,,black,,4xl,BY189BLAC3XL
template-oversized-acid-wash-tee,,,baltic-blue,,4xl,
template-organic-long-sleeve-t-shirt,,,black,,4xl,AM011BLAC4XL
template-organic-long-sleeve-t-shirt,,,White,,4xl,'-AM011
template-organic-long-sleeve-t-shirt,,,Navy,,4xl,'-AM011
template-organic-long-sleeve-t-shirt,,,Grey Marl,,4xl,'-AM011
template-organic-long-sleeve-t-shirt,,,charcoal,,4xl,'-AM011
template-clam-slam-premium-hoodie,,,light-blue,,4xl,JH001SKYY4XL
template-clam-slam-premium-hoodie,,,purple,,4xl,JH001PURP4XL
template-clam-slam-premium-hoodie,,,deep-navy,,4xl,JH001NFNA4XL
template-clam-slam-premium-hoodie,,,black,,4xl,JH001DPBK4XL
template-clam-slam-premium-hoodie,,,light-pink,,4xl,JH001BAPK4XL
template-clam-slam-premium-hoodie,,,arctic-white,,4xl,JH001AWHI4XL
template-clam-slam-premium-hoodie,,,khaki,,4xl,
template-clam-slam-premium-hoodie,,,hot-pink,,4xl,
template-acid-wash-tee,,,vintage-blue,,4xl,'-BY190
template-acid-wash-tee,,,union-beige,,4xl,'-BY190
template-acid-wash-tee,,,soft-pink,,4xl,'-BY190
template-acid-wash-tee,,,soft-lilac,,4xl,'-BY190
template-acid-wash-tee,,,dark-khaki,,4xl,'-BY190
template-acid-wash-tee,,,black,,4xl,'-BY190
template-acid-wash-tee,,,asphalt,,4xl,'-BY190
template-womens-premium-t-shirt,,,white-1,,4-xl-22,'-BB012
template-womens-premium-t-shirt,,,teal,,4-xl-22,'-BB012
template-womens-premium-t-shirt,,,sand,,4-xl-22,BB012SAND4XL
template-womens-premium-t-shirt,,,pink,,4-xl-22,'-BB012
template-womens-premium-t-shirt,,,olive,,4-xl-22,'-BB012
template-womens-premium-t-shirt,,,ocean-blue,,4-xl-22,'-BB012
template-womens-premium-t-shirt,,,navy,,4-xl-22,'-BB012
template-womens-premium-t-shirt,,,lilac,,4-xl-22,'-BB012
template-womens-premium-t-shirt,,,heather-grey,,4-xl-22,'-BB012
template-womens-premium-t-shirt,,,charcoal,,4-xl-22,'-BB012
template-womens-premium-t-shirt,,,black,,4-xl-22,BB012BLAC4XL
template-signature-hoodie,,,natural-raw,,3xl,'-AM01
template-signature-hoodie,,,light-pink,,3xl,'-AM01
template-signature-hoodie,,,light-blue,,3xl,'-AM01
template-signature-hoodie,,,black,,3xl,'-AM01
template-signature-hoodie,,,arctic-white,,3xl,'-AM01
template-signature-hoodie,,,deep-navy,,3xl,
template-signature-heavy-joggers,,,heather-grey,,3xl,'-BY014
template-signature-heavy-joggers,,,black,,3xl,'-BY014
template-premium-t-shirt,,,white,,3xl,BB010WHIT3XL
template-organic-tee,,,2xl,,Desert Sand,AM010DSAN2XL
template-organic-tee,,,2xl,,Grey Marl,AM010GMAR2XL
template-premium-t-shirt,,,light-blue,,3xl,BB010OCBL3XL
template-premium-t-shirt,,,khaki,,3xl,BB010OLIV3XL
template-organic-tee,,,2xl,,Hot Pink,AM010HOPK2XL
template-premium-t-shirt,,,deep-navy,,3xl,BB010NAVY3XL
template-premium-t-shirt,,,charcoal,,3xl,BB010CHAR3XL
template-premium-t-shirt,,,black,,3xl,BB010BLAC3XL
template-premium-joggers,,,navy,,3xl,SX773FNAV3XL
template-premium-joggers,,,latte,,3xl,SX773LATT3XL
template-premium-joggers,,,khaki,,3xl,SX773KHAK3XL
template-premium-joggers,,,heather-grey,,3xl,SX773HGRE3XL
template-premium-joggers,,,cool-heather,,3xl,SX773CHGY3XL
template-premium-joggers,,,black,,3xl,SX773BLAC3XL
template-premium-joggers,,,stargazer,,3xl,
template-premium-joggers,,,natural,,3xl,
template-premium-hoodie,,,charcoal,,3xl,JH001STGY3XL
template-premium-hoodie,,,light-blue,,3xl,JH001SKYY3XL
template-premium-hoodie,,,purple,,3xl,JH001PURP3XL
template-premium-hoodie,,,deep-navy,,3xl,JH001NFNA3XL
template-premium-hoodie,,,hot-pink,,3xl,JH001HOPK3XL
template-premium-hoodie,,,black,,3xl,JH001DPBK3XL
template-premium-hoodie,,,light-pink,,3xl,JH001AWHI3XL
template-premium-hoodie,,,arctic-white,,3xl,JH001AGRE3XL
template-oversized-acid-wash-tee,,,vintage-blue,,3xl,BY189VBLU3XL
template-oversized-acid-wash-tee,,,union-beige,,3xl,BY189UNBE3XL
template-oversized-acid-wash-tee,,,soft-pink,,3xl,
template-oversized-acid-wash-tee,,,soft-lilac,,3xl,BY189SOLI3XL
template-oversized-acid-wash-tee,,,dark-khaki,,3xl,BY189DKHA3XL
template-oversized-acid-wash-tee,,,black,,3xl,BY189BLAC3XL
template-oversized-acid-wash-tee,,,baltic-blue,,3xl,
template-organic-long-sleeve-t-shirt,,,Grey Marl,,3xl,AM011BLAC5XL
template-organic-long-sleeve-t-shirt,,,black,,3xl,AM011BLAC3XL
template-organic-long-sleeve-t-shirt,,,White,,3xl,'-AM011
template-organic-long-sleeve-t-shirt,,,Navy,,3xl,'-AM011
template-organic-long-sleeve-t-shirt,,,charcoal,,3xl,'-AM011
template-jogger-shorts,,,heather-grey,,3xl,'-TR058
template-jogger-shorts,,,black,,3xl,'-TR058
template-heavy-hoodie,,,fire-red,,3xl,JH120SORD3XL
template-heavy-hoodie,,,solid-charcoal,,3xl,JH120SOCH3XL
template-heavy-hoodie,,,natural-stone,,3xl,JH120NSTO3XL
template-heavy-hoodie,,,new-french-navy,,3xl,JH120NFNA3XL
template-heavy-hoodie,,,earthy-green,,3xl,JH120EAGN3XL
template-heavy-hoodie,,,desert-sand,,3xl,JH120DSAN3XL
template-heavy-hoodie,,,black,,3xl,JH120DPBK3XL
template-heavy-hoodie,,,royal-blue,,3xl,JH120BROY3XL
template-heavy-hoodie,,,baby-pink,,3xl,JH120BAPK3XL
template-heavy-hoodie,,,arctic-white,,3xl,JH120AWHI3XL
template-heavy-hoodie,,,airforce-blue,,3xl,JH120ABLU3XL
template-clam-slam-premium-hoodie,,,light-blue,,3xl,JH001SKYY3XL
template-clam-slam-premium-hoodie,,,purple,,3xl,JH001PURP3XL
template-clam-slam-premium-hoodie,,,deep-navy,,3xl,JH001NFNA3XL
template-clam-slam-premium-hoodie,,,khaki,,3xl,JH001KHAK3XL
template-clam-slam-premium-hoodie,,,hot-pink,,3xl,JH001HOPK3XL
template-clam-slam-premium-hoodie,,,black,,3xl,JH001DPBK3XL
template-clam-slam-premium-hoodie,,,light-pink,,3xl,JH001BAPK3XL
template-clam-slam-premium-hoodie,,,arctic-white,,3xl,JH001AGRE3XL
template-cargo-joggers,,,black,,3xl,TR604BLAC3XL
template-cargo-joggers,,,stone,,3xl,'-TR604
template-cargo-joggers,,,lilac,,3xl,'-TR604
template-cargo-joggers,,,light-blue,,3xl,'-TR604
template-cargo-joggers,,,heather-grey,,3xl,'-TR604
template-cargo-joggers,,,charcoal,,3xl,'-TR604
template-acid-wash-tee,,,vintage-blue,,3xl,'-BY190
template-acid-wash-tee,,,union-beige,,3xl,'-BY190
template-acid-wash-tee,,,soft-pink,,3xl,'-BY190
template-acid-wash-tee,,,soft-lilac,,3xl,'-BY190
template-acid-wash-tee,,,dark-khaki,,3xl,'-BY190
template-acid-wash-tee,,,black,,3xl,'-BY190
template-acid-wash-tee,,,asphalt,,3xl,'-BY190
template-womens-premium-t-shirt,,,white-1,,3-xl-20,'-BB012
template-womens-premium-t-shirt,,,teal,,3-xl-20,'-BB012
template-womens-premium-t-shirt,,,sand,,3-xl-20,BB012SAND3XL
template-womens-premium-t-shirt,,,pink,,3-xl-20,'-BB012
template-womens-premium-t-shirt,,,olive,,3-xl-20,'-BB012
template-womens-premium-t-shirt,,,ocean-blue,,3-xl-20,'-BB012
template-womens-premium-t-shirt,,,navy,,3-xl-20,'-BB012
template-womens-premium-t-shirt,,,lilac,,3-xl-20,'-BB012
template-womens-premium-t-shirt,,,heather-grey,,3-xl-20,'-BB012
template-womens-premium-t-shirt,,,charcoal,,3-xl-20,'-BB012
template-womens-premium-t-shirt,,,black,,3-xl-20,BB012BLAC3XL
template-tie-dye-hoodie,,,tie-dye-swirl,,2xl,'-JH022
template-tie-dye-hoodie,,,pastel-sunset-dip,,2xl,'-JH022
template-tie-dye-hoodie,,,grey-pink-marble,,2xl,'-JH022
template-tie-dye-hoodie,,,blue-cloud,,2xl,'-JH022
template-signature-hoodie,,,light-pink,,2xl,'-AM01
template-signature-hoodie,,,light-blue,,2xl,'-AM01
template-signature-hoodie,,,deep-navy,,2xl,'-AM01
template-signature-hoodie,,,black,,2xl,'-AM01
template-signature-hoodie,,,arctic-white,,2xl,'-AM01
template-signature-hoodie,,,natural-raw,,2xl,
template-signature-heavy-joggers,,,heather-grey,,2xl,'-BY014
template-signature-heavy-joggers,,,black,,2xl,'-BY014
template-premium-t-shirt,,,white,,2xl,BB010WHIT2XL
template-organic-tee,,,2xl,,Khaki,AM010KHAK2XL
template-organic-tee,,,2xl,,Navy Marl,AM010NVMA2XL
template-premium-t-shirt,,,light-blue,,2xl,BB010OCBL2XL
template-premium-t-shirt,,,khaki,,2xl,BB010OLIV2XL
template-organic-tee,,,2xl,,White,AM010WHIT2XL
template-premium-t-shirt,,,deep-navy,,2xl,BB010NAVY2XL
template-premium-t-shirt,,,charcoal,,2xl,BB010CHAR2XL
template-premium-t-shirt,,,black,,2xl,BB010BLAC2XL
template-premium-joggers,,,navy,,2xl,SX773FNAV2XL
template-premium-joggers,,,khaki,,2xl,SX773KHAK2XL
template-premium-joggers,,,heather-grey,,2xl,SX773HGRE2XL
template-premium-joggers,,,cool-heather,,2xl,SX773CHGY2XL
template-premium-joggers,,,black,,2xl,SX773BLAC2XL
template-premium-joggers,,,stargazer,,2xl,
template-premium-joggers,,,natural,,2xl,
template-premium-joggers,,,latte,,2xl,
template-premium-hoodie,,,light-blue,,2xl,JH001SKYY2XL
template-premium-hoodie,,,purple,,2xl,JH001PURP2XL
template-premium-hoodie,,,deep-navy,,2xl,JH001NFNA2XL
template-premium-hoodie,,,hot-pink,,2xl,JH001HOPK2XL
template-premium-hoodie,,,black,,2xl,JH001DPBK2XL
template-premium-hoodie,,,light-pink,,2xl,JH001BAPK2XL
template-premium-hoodie,,,arctic-white,,2xl,JH001AWHI2XL
template-oversized-acid-wash-tee,,,vintage-blue,,2xl,BY189VBLU2XL
template-oversized-acid-wash-tee,,,union-beige,,2xl,BY189UNBE2XL
template-oversized-acid-wash-tee,,,soft-pink,,2xl,
template-oversized-acid-wash-tee,,,soft-lilac,,2xl,BY189SOLI2XL
template-oversized-acid-wash-tee,,,dark-khaki,,2xl,BY189DKHA2XL
template-oversized-acid-wash-tee,,,black,,2xl,BY189BLAC2XL
template-oversized-acid-wash-tee,,,baltic-blue,,2xl,
template-organic-long-sleeve-t-shirt,,,black,,2xl,AM011BLAC2XL
template-organic-long-sleeve-t-shirt,,,White,,2xl,'-AM011
template-organic-long-sleeve-t-shirt,,,Navy,,2xl,'-AM011
template-organic-long-sleeve-t-shirt,,,Grey Marl,,2xl,'-AM011
template-organic-long-sleeve-t-shirt,,,charcoal,,2xl,'-AM011
template-jogger-shorts,,,heather-grey,,2xl,'-TR058
template-jogger-shorts,,,black,,2xl,'-TR058
template-heavy-hoodie,,,fire-red,,2xl,JH120SORD2XL
template-heavy-hoodie,,,solid-charcoal,,2xl,JH120SOCH2XL
template-heavy-hoodie,,,natural-stone,,2xl,JH120NSTO2XL
template-heavy-hoodie,,,new-french-navy,,2xl,JH120NFNA2XL
template-heavy-hoodie,,,earthy-green,,2xl,JH120EAGN2XL
template-heavy-hoodie,,,desert-sand,,2xl,JH120DSAN2XL
template-heavy-hoodie,,,black,,2xl,JH120DPBK2XL
template-heavy-hoodie,,,royal-blue,,2xl,JH120BROY2XL
template-heavy-hoodie,,,baby-pink,,2xl,JH120BAPK2XL
template-heavy-hoodie,,,arctic-white,,2xl,JH120AWHI2XL
template-heavy-hoodie,,,airforce-blue,,2xl,JH120ABLU2XL
template-clam-slam-premium-hoodie,,,purple,,2xl,JH001PURP2XL
template-clam-slam-premium-hoodie,,,deep-navy,,2xl,JH001NFNA2XL
template-clam-slam-premium-hoodie,,,khaki,,2xl,JH001KHAK2XL
template-clam-slam-premium-hoodie,,,light-blue,,2xl,JH001ICEB2XL
template-clam-slam-premium-hoodie,,,hot-pink,,2xl,JH001HOPK2XL
template-clam-slam-premium-hoodie,,,black,,2xl,JH001DPBK2XL
template-clam-slam-premium-hoodie,,,light-pink,,2xl,JH001BAPK2XL
template-clam-slam-premium-hoodie,,,arctic-white,,2xl,JH001AWHI2XL
template-cargo-joggers,,,black,,2xl,TR604BLAC2XL
template-cargo-joggers,,,stone,,2xl,'-TR604
template-cargo-joggers,,,lilac,,2xl,'-TR604
template-cargo-joggers,,,light-blue,,2xl,'-TR604
template-cargo-joggers,,,heather-grey,,2xl,'-TR604
template-cargo-joggers,,,charcoal,,2xl,'-TR604
template-acid-wash-tee,,,vintage-blue,,2xl,'-BY190
template-acid-wash-tee,,,union-beige,,2xl,'-BY190
template-acid-wash-tee,,,soft-pink,,2xl,'-BY190
template-acid-wash-tee,,,soft-lilac,,2xl,'-BY190
template-acid-wash-tee,,,dark-khaki,,2xl,'-BY190
template-acid-wash-tee,,,black,,2xl,'-BY190
template-acid-wash-tee,,,asphalt,,2xl,'-BY190
template-womens-premium-t-shirt,,,white-1,,2-xl-18,'-BB012
template-womens-premium-t-shirt,,,teal,,2-xl-18,'-BB012
template-womens-premium-t-shirt,,,sand,,2-xl-18,BB012SAND2XL
template-womens-premium-t-shirt,,,pink,,2-xl-18,'-BB012
template-womens-premium-t-shirt,,,olive,,2-xl-18,'-BB012
template-womens-premium-t-shirt,,,ocean-blue,,2-xl-18,'-BB012
template-womens-premium-t-shirt,,,navy,,2-xl-18,'-BB012
template-womens-premium-t-shirt,,,lilac,,2-xl-18,'-BB012
template-womens-premium-t-shirt,,,heather-grey,,2-xl-18,'-BB012
template-womens-premium-t-shirt,,,charcoal,,2-xl-18,'-BB012
template-womens-premium-t-shirt,,,black,,2-xl-18,BB012BLAC2XL
template-tough-case-for-samsung,,,Galaxy S5 Ultra,,,'-STC1
template-tough-case-for-samsung,,,Galaxy S25 Plus,,,'-STC1
template-tough-case-for-samsung,,,Galaxy S25,,,'-STC1
template-tough-case-for-samsung,,,Galaxy S24 Ultra,,,'-STC1
template-tough-case-for-samsung,,,Galaxy S24 Plus,,,'-STC1
template-tough-case-for-samsung,,,Galaxy S24,,,'-STC1
template-tough-case-for-samsung,,,Galaxy S23 Ultra,,,'-STC1
template-tough-case-for-samsung,,,Galaxy S23 Plus,,,'-STC1
template-tough-case-for-samsung,,,Galaxy S23,,,'-STC1
template-tough-case-for-samsung,,,Galaxy S22 Ultra,,,'-STC1
template-tough-case-for-samsung,,,Galaxy S22 Plus,,,'-STC1
template-tough-case-for-samsung,,,Galaxy S22,,,'-STC1
template-tough-case-for-samsung,,,Galaxy S21 Ultra,,,'-STC1
template-tough-case-for-samsung,,,Galaxy S21 Plus,,,'-STC1
template-tough-case-for-samsung,,,Galaxy S21 FE,,,'-STC1
template-tough-case-for-samsung,,,Galaxy S21,,,'-STC1
template-tough-case-for-samsung,,,Galaxy S20 Ultra,,,'-STC1
template-tough-case-for-samsung,,,Galaxy S20 Plus,,,'-STC1
template-tough-case-for-samsung,,,Galaxy S20 PE,,,'-STC1
template-tough-case-for-samsung,,,Galaxy S20,,,'-STC1
template-tough-case-for-samsung,,,Galaxy S10e,,,'-STC1
template-tough-case-for-samsung,,,Galaxy S10 Plus,,,'-STC1
template-tough-case-for-samsung,TEMPLATE | Tough Case for Samsung,Model,Galaxy S10,,,'-STC1
template-tough-case-for-iphone,,,iPhone 16 Pro Max,,,'-IPTC
template-tough-case-for-iphone,,,iPhone 16 Pro,,,'-IPTC
template-tough-case-for-iphone,,,iPhone 16 Plus,,,'-IPTC
template-tough-case-for-iphone,,,iPhone 16,,,'-IPTC
template-tough-case-for-iphone,,,iPhone 15 Pro Max,,,'-IPTC
template-tough-case-for-iphone,,,iPhone 15 Pro,,,'-IPTC
template-tough-case-for-iphone,,,iPhone 15 Plus,,,'-IPTC
template-tough-case-for-iphone,,,iPhone 15,,,'-IPTC
template-tough-case-for-iphone,,,iPhone 14 Pro Max,,,'-IPTC
template-tough-case-for-iphone,,,iPhone 14 Pro,,,'-IPTC
template-tough-case-for-iphone,,,iPhone 14 Plus,,,'-IPTC
template-tough-case-for-iphone,,,iPhone 14,,,'-IPTC
template-tough-case-for-iphone,,,iPhone 13 Pro Max,,,'-IPTC
template-tough-case-for-iphone,,,iPhone 13 Pro,,,'-IPTC
template-tough-case-for-iphone,,,iPhone 13 Mini,,,'-IPTC
template-tough-case-for-iphone,,,iPhone 13,,,'-IPTC
template-tough-case-for-iphone,,,iPhone 12 Pro Max,,,'-IPTC
template-tough-case-for-iphone,,,iPhone 12 Pro,,,'-IPTC
template-tough-case-for-iphone,,,iPhone 12,,,'-IPTC
template-tough-case-for-iphone,,,iPhone 11 Pro Max,,,'-IPTC
template-tough-case-for-iphone,,,iPhone 11 Pro,,,'-IPTC
template-tough-case-for-iphone,TEMPLATE | Tough Case for iPhone,Model,iPhone 11,,,'-IPTC
template-premium-trucker,,,turquoise-white,,,YP237TUWH
template-premium-trucker,,,silver-white,,,YP237SIWH
template-premium-trucker,,,steel-blue-silver,,,YP237SBSI
template-premium-trucker,,,khaki-birch,,,YP237PKBI
template-premium-trucker,,,navy-silver,,,YP237NYSI
template-premium-trucker,,,navy-greyish-brown,,,YP237NGBR
template-premium-trucker,,,khaki-white,,,YP237KHWH
template-premium-trucker,,,heather-black,,,YP237HGBK
template-premium-trucker,,,heather-white,,,YP237HEWH
template-premium-trucker,,,evergreen-white,,,YP237EVWH
template-premium-trucker,,,dark-grey-white,,,YP237DGWH
template-premium-trucker,,,charcoal-navy,,,YP237CHNY
template-premium-trucker,,,charcoal-orange,,,YP237CHNO
template-premium-trucker,TEMPLATE | Premium Contrast Trucker,Colour,charcoal-lime-green,,,YP237CHNG
template-premium-trucker,,,charcoal-black,,,YP237CHBK
template-premium-trucker,,,coyote-brown-black,,,YP237CBBK
template-premium-trucker,,,caramel-black,,,YP237CABK
template-premium-trucker,,,buck-white,,,YP237BUWH
template-premium-trucker,,,black-loden,,,YP237BKLO
template-metal-water-bottle,,,white,,,'-MWB01
template-metal-water-bottle,TEMPLATE | Metal Water Bottle,Colour,black,,,'-MWB01
template-gift-card,,,¬£50.00,,,'-GC50
template-gift-card,,,¬£25.00,,,'-GC25
template-gift-card,,,¬£100.00,,,'-GC100
template-gift-card,TEMPLATE Gift Card,Value,¬£10.00,,,'-GC10
template-flatpeak-snapback,TEMPLATE | Flatpeak SnapBack,Colour,white-black,,,'-BC660
template-flatpeak-snapback,,,light-grey-black,,,'-BC660
template-flatpeak-snapback,,,light-grey,,,'-BC660
template-flatpeak-snapback,,,black-red,,,'-BC660
template-flatpeak-snapback,,,black-light-grey,,,'-BC660
template-flatpeak-snapback,,,black-blue,,,'-BC660
template-flatpeak-snapback,,,black,,,'-BC660
template-fitted-baseball-cap,,,White,,,YP004WHITLXL
template-fitted-baseball-cap,,,Stone,,,YP004STONSM
template-fitted-baseball-cap,,,Silver,,,YP004SILVLXL
template-fitted-baseball-cap,,,Royal Blue,,,YP004ROYALXL
template-fitted-baseball-cap,,,Red,,,YP004REDDLXL
template-fitted-baseball-cap,,,Purple,,,YP004PURPLXL
template-fitted-baseball-cap,,,Pepper Green,,,YP004PPGNLXL
template-fitted-baseball-cap,,,Orange,,,YP004ORANLXL
template-fitted-baseball-cap,,,Olive,,,YP004OLIVLXL
template-fitted-baseball-cap,,,Maroon,,,YP004MAROLXL
template-fitted-baseball-cap,,,Light Pink,,,YP004PINKLXL
template-fitted-baseball-cap,,,Khaki,,,YP004KHAKLXL
template-fitted-baseball-cap,,,Hawaiian Ocean,,,YP004HAOCLXL
template-fitted-baseball-cap,,,Grey,,,YP004GREYLXL
template-fitted-baseball-cap,,,Gold,,,YP004GOLDLXL
template-fitted-baseball-cap,,,Fresh Green,,,YP004FRGRLXL
template-fitted-baseball-cap,,,Dark Pink,,,YP004DKPKLXL
template-fitted-baseball-cap,,,Dark Navy,,,YP004DNDNLXL
template-fitted-baseball-cap,,,Dark Grey,,,YP004DGDGLXL
template-fitted-baseball-cap,,,Coyote Brown,,,YP004CYBRLXL
template-fitted-baseball-cap,,,Carolina Blue,,,YP004CAROLXL
template-fitted-baseball-cap,,,Brown,,,YP004BROWLXL
template-fitted-baseball-cap,TEMPLATE | Fitted Baseball Cap,Colour,black,,,YP004BLACLXL
template-double-wall-coffee-tumbler,,,khaki,,,'-TMBLR07
template-double-wall-coffee-tumbler,,,petrol,,,'-TMBLR06
template-double-wall-coffee-tumbler,,,matt-s-ilver,,,'-TMBLR05
template-double-wall-coffee-tumbler,,,beige,,,'-TMBLR04
template-double-wall-coffee-tumbler,,,navy,,,'-TMBLR03
template-double-wall-coffee-tumbler,,,white-1,,,'-TMBLR02
template-double-wall-coffee-tumbler,TEMPLATE | Double Wall Coffee Tumbler,Colour,black,,,'-TMBLR01
template-cotton-patch-beanie,,,white-1,,,'-BC446
template-cotton-patch-beanie,,,royal-blue-1,,,'-BC446
template-cotton-patch-beanie,,,navy,,,'-BC446
template-cotton-patch-beanie,,,gray-1,,,'-BC446
template-cotton-patch-beanie,,,fire-red,,,'-BC446
template-cotton-patch-beanie,,,burgundy,,,'-BC446
template-cotton-patch-beanie,,,bottle-green,,,'-BC446
template-cotton-patch-beanie,TEMPLATE | Cotton Patch Beanie,Colour,black,,,'-BC446
template-cotton-gym-bag,,,white-black,,,'-BG110
template-cotton-gym-bag,,,purple,,,'-BG110
template-cotton-gym-bag,,,navy-white,,,'-BG110
template-cotton-gym-bag,,,marl-grey-black,,,'-BG110
template-cotton-gym-bag,,,lime-green,,,'-BG110
template-cotton-gym-bag,,,dark-grey-black,,,'-BG110
template-cotton-gym-bag,TEMPLATE | Cotton Gym Bag,Colour,black-white,,,'-BG110
template-cotton-gym-bag,,,black-surf-blue,,,'-BG110
template-cotton-gym-bag,,,black-hot-pink,,,'-BG110
template-cotton-gym-bag,,,all-black,,,'-BG110
template-contrast-trucker-cap-1,,,white-black,,,'-BC640
template-contrast-trucker-cap-1,,,olive-black,,,'-BC640
template-contrast-trucker-cap-1,,,graphite-black,,,'-BC640
template-contrast-trucker-cap-1,,,black-yellow,,,'-BC640
template-contrast-trucker-cap-1,,,black-sapphire-blue,,,'-BC640
template-contrast-trucker-cap-1,,,black-red,,,'-BC640
template-contrast-trucker-cap-1,,,black-orange,,,'-BC640
template-contrast-trucker-cap-1,,,black-lime-green,,,'-BC640
template-contrast-trucker-cap-1,,,black-light-grey,,,'-BC640
template-contrast-trucker-cap-1,TEMPLATE | Contrast Trucker Cap,Colour,black-hot-pink,,,'-BC640
template-contrast-trucker-cap-1,,,all-black,,,'-BC640
template-contrast-trucker-cap,,,white-black,,,
template-contrast-trucker-cap,,,olive-black,,,
template-contrast-trucker-cap,,,graphite-black,,,
template-contrast-trucker-cap,,,black-yellow,,,
template-contrast-trucker-cap,Shark Gaming | Contrast Trucker Cap,Colour,black-sapphire-blue,,,
template-contrast-trucker-cap,,,black-red,,,
template-contrast-trucker-cap,,,black-orange,,,
template-contrast-trucker-cap,,,black-lime-green,,,
template-contrast-trucker-cap,,,black-light-grey,,,
template-contrast-trucker-cap,,,black-hot-pink,,,
template-contrast-trucker-cap,,,all-black,,,
template-canvas-day-bag,,,natural,,,'-BG673
template-canvas-day-bag,,,light-grey,,,'-BG673
template-canvas-day-bag,TEMPLATE | Canvas Day Bag,Colour,black,,,'-BG673
template-contrast-pullover-hoodie,,,xl,,black-gold,JH003JBGOXL
template-contrast-pullover-hoodie,,,xl,,black-charcoal,JH003CHJBXL
template-contrast-pullover-hoodie,,,s,,black-white,JH003JBAWS
template-contrast-pullover-hoodie,,,s,,black-sapphire-blue,JH003JBSAS
template-contrast-pullover-hoodie,,,s,,black-red,JH003JBFRS
template-contrast-pullover-hoodie,,,s,,black-purple,JH003JBPUS
template-contrast-pullover-hoodie,,,s,,black-hot-pink,JH003JBHPS
template-contrast-pullover-hoodie,,,s,,black-green,JH003JBKGS
template-contrast-pullover-hoodie,,,s,,black-gold,JH003JBGOS
template-contrast-pullover-hoodie,,,s,,black-charcoal,JH003CHJBS
template-contrast-pullover-hoodie,,,m,,black-white,JH003JBAWM
template-contrast-pullover-hoodie,,,m,,black-sapphire-blue,JH003JBSAM
template-contrast-pullover-hoodie,,,m,,black-red,JH003JBFRM
template-contrast-pullover-hoodie,,,m,,black-purple,JH003JBPUM
template-contrast-pullover-hoodie,,,m,,black-hot-pink,JH003JBHPM
template-contrast-pullover-hoodie,,,m,,black-green,JH003JBKGM
template-contrast-pullover-hoodie,,,m,,black-gold,JH003JBGOM
template-contrast-pullover-hoodie,,,m,,black-charcoal,JH003CHJBM
template-contrast-pullover-hoodie,,,l,,black-white,JH003JBAWL
template-contrast-pullover-hoodie,,,l,,black-sapphire-blue,JH003JBSAL
template-contrast-pullover-hoodie,,,l,,black-red,JH003JBFRL
template-contrast-pullover-hoodie,,,l,,black-purple,JH003JBPUL
template-contrast-pullover-hoodie,,,l,,black-hot-pink,JH003JBHPL
template-contrast-pullover-hoodie,,,l,,black-green,JH003JBKGL
template-contrast-pullover-hoodie,,,l,,black-gold,JH003JBGOL
template-contrast-pullover-hoodie,,,l,,black-charcoal,JH003CHJBL
template-contrast-pullover-hoodie,,,2xl,,black-white,JH003HPFN2XL
template-contrast-pullover-hoodie,,,2xl,,black-sapphire-blue,JH003JBSA2XL
template-contrast-pullover-hoodie,,,2xl,,black-red,JH003JBAW2XL
template-contrast-pullover-hoodie,,,2xl,,black-purple,JH003JBPU2XL
template-contrast-pullover-hoodie,,,2xl,,black-hot-pink,JH003JBHP2XL
template-contrast-pullover-hoodie,,,2xl,,black-green,JH003JBKG2XL
template-contrast-pullover-hoodie,,,2xl,,black-gold,JH003JBGO2XL
template-contrast-pullover-hoodie,,,2xl,,black-charcoal,JH003CHJB2XL